0 verbose cli C:\nvm4w\nodejs\node.exe C:\nvm4w\nodejs\node_modules\npm\bin\npm-cli.js
1 info using npm@10.9.3
2 info using node@v22.18.0
3 silly config load:file:C:\Users\ANURAG RAJ\AppData\Local\nvm\v22.18.0\node_modules\npm\npmrc
4 silly config load:file:C:\Users\ANURAG RAJ\Desktop\NEXSTAR\.npmrc
5 silly config load:file:C:\Users\ANURAG RAJ\.npmrc
6 silly config load:file:C:\Users\ANURAG RAJ\AppData\Roaming\npm\etc\npmrc
7 verbose title npm install
8 verbose argv "install" "--cache" ".\\.npm-cache"
9 verbose logfile logs-max:10 dir:C:\Users\ANURAG RAJ\Desktop\NEXSTAR\.npm-cache\_logs\2026-06-27T12_29_29_245Z-
10 verbose logfile C:\Users\ANURAG RAJ\Desktop\NEXSTAR\.npm-cache\_logs\2026-06-27T12_29_29_245Z-debug-0.log
11 silly logfile done cleaning log files
12 silly packumentCache heap:2197815296 maxSize:549453824 maxEntrySize:274726912
13 silly idealTree buildDeps
14 silly fetch manifest @vitejs/plugin-react@^5.0.0
15 silly packumentCache full:https://registry.npmjs.org/@vitejs%2fplugin-react cache-miss
16 http fetch GET 200 https://registry.npmjs.org/npm 270ms
17 http fetch GET 200 https://registry.npmjs.org/@vitejs%2fplugin-react 214ms (cache miss)
18 silly packumentCache full:https://registry.npmjs.org/@vitejs%2fplugin-react set size:undefined disposed:false
19 silly fetch manifest vite@^7.0.0
20 silly packumentCache full:https://registry.npmjs.org/vite cache-miss
21 http fetch GET 200 https://registry.npmjs.org/vite 1123ms (cache miss)
22 silly packumentCache full:https://registry.npmjs.org/vite set size:undefined disposed:false
23 silly fetch manifest @types/node@^20.19.0 || >=22.12.0
24 silly packumentCache full:https://registry.npmjs.org/@types%2fnode cache-miss
25 http fetch GET 200 https://registry.npmjs.org/@types%2fnode 223ms (cache miss)
26 silly packumentCache full:https://registry.npmjs.org/@types%2fnode set size:undefined disposed:false
27 silly fetch manifest jiti@>=1.21.0
28 silly packumentCache full:https://registry.npmjs.org/jiti cache-miss
29 http fetch GET 200 https://registry.npmjs.org/jiti 60ms (cache miss)
30 silly packumentCache full:https://registry.npmjs.org/jiti set size:undefined disposed:false
31 silly fetch manifest less@^4.0.0
32 silly packumentCache full:https://registry.npmjs.org/less cache-miss
33 http fetch GET 200 https://registry.npmjs.org/less 61ms (cache miss)
34 silly packumentCache full:https://registry.npmjs.org/less set size:undefined disposed:false
35 silly fetch manifest lightningcss@^1.21.0
36 silly packumentCache full:https://registry.npmjs.org/lightningcss cache-miss
37 http fetch GET 200 https://registry.npmjs.org/lightningcss 43ms (cache miss)
38 silly packumentCache full:https://registry.npmjs.org/lightningcss set size:undefined disposed:false
39 silly fetch manifest sass@^1.70.0
40 silly packumentCache full:https://registry.npmjs.org/sass cache-miss
41 http fetch GET 200 https://registry.npmjs.org/sass 62ms (cache miss)
42 silly packumentCache full:https://registry.npmjs.org/sass set size:undefined disposed:false
43 silly fetch manifest sass-embedded@^1.70.0
44 silly packumentCache full:https://registry.npmjs.org/sass-embedded cache-miss
45 http fetch GET 200 https://registry.npmjs.org/sass-embedded 67ms (cache miss)
46 silly packumentCache full:https://registry.npmjs.org/sass-embedded set size:undefined disposed:false
47 silly fetch manifest stylus@>=0.54.8
48 silly packumentCache full:https://registry.npmjs.org/stylus cache-miss
49 http fetch GET 200 https://registry.npmjs.org/stylus 54ms (cache miss)
50 silly packumentCache full:https://registry.npmjs.org/stylus set size:undefined disposed:false
51 silly fetch manifest sugarss@^5.0.0
52 silly packumentCache full:https://registry.npmjs.org/sugarss cache-miss
53 http fetch GET 200 https://registry.npmjs.org/sugarss 41ms (cache miss)
54 silly packumentCache full:https://registry.npmjs.org/sugarss set size:undefined disposed:false
55 silly fetch manifest postcss@^8.4.49
56 silly packumentCache full:https://registry.npmjs.org/postcss cache-miss
57 http fetch GET 200 https://registry.npmjs.org/postcss 63ms (cache miss)
58 silly packumentCache full:https://registry.npmjs.org/postcss set size:undefined disposed:false
59 silly fetch manifest terser@^5.16.0
60 silly packumentCache full:https://registry.npmjs.org/terser cache-miss
61 http fetch GET 200 https://registry.npmjs.org/terser 79ms (cache miss)
62 silly packumentCache full:https://registry.npmjs.org/terser set size:undefined disposed:false
63 silly fetch manifest tsx@^4.8.1
64 silly packumentCache full:https://registry.npmjs.org/tsx cache-miss
65 http fetch GET 200 https://registry.npmjs.org/tsx 297ms (cache miss)
66 silly packumentCache full:https://registry.npmjs.org/tsx set size:undefined disposed:false
67 silly fetch manifest yaml@^2.4.2
68 silly packumentCache full:https://registry.npmjs.org/yaml cache-miss
69 http fetch GET 200 https://registry.npmjs.org/yaml 64ms (cache miss)
70 silly packumentCache full:https://registry.npmjs.org/yaml set size:undefined disposed:false
71 silly fetch manifest react@^19.1.0
72 silly packumentCache full:https://registry.npmjs.org/react cache-miss
73 http fetch GET 200 https://registry.npmjs.org/react 159ms (cache miss)
74 silly packumentCache full:https://registry.npmjs.org/react set size:undefined disposed:false
75 silly fetch manifest react-dom@^19.1.0
76 silly packumentCache full:https://registry.npmjs.org/react-dom cache-miss
77 http fetch GET 200 https://registry.npmjs.org/react-dom 174ms (cache miss)
78 silly packumentCache full:https://registry.npmjs.org/react-dom set size:undefined disposed:false
79 silly fetch manifest react-router-dom@^7.6.0
80 silly packumentCache full:https://registry.npmjs.org/react-router-dom cache-miss
81 http fetch GET 200 https://registry.npmjs.org/react-router-dom 105ms (cache miss)
82 silly packumentCache full:https://registry.npmjs.org/react-router-dom set size:undefined disposed:false
83 silly fetch manifest lucide-react@^0.468.0
84 silly packumentCache full:https://registry.npmjs.org/lucide-react cache-miss
85 http fetch GET 200 https://registry.npmjs.org/lucide-react 92ms (cache miss)
86 silly packumentCache full:https://registry.npmjs.org/lucide-react set size:undefined disposed:false
87 silly fetch manifest recharts@^2.15.0
88 silly packumentCache full:https://registry.npmjs.org/recharts cache-miss
89 http fetch GET 200 https://registry.npmjs.org/recharts 54ms (cache miss)
90 silly packumentCache full:https://registry.npmjs.org/recharts set size:undefined disposed:false
91 silly fetch manifest autoprefixer@^10.4.20
92 silly packumentCache full:https://registry.npmjs.org/autoprefixer cache-miss
93 http fetch GET 200 https://registry.npmjs.org/autoprefixer 58ms (cache miss)
94 silly packumentCache full:https://registry.npmjs.org/autoprefixer set size:undefined disposed:false
95 silly fetch manifest tailwindcss@^3.4.17
96 silly packumentCache full:https://registry.npmjs.org/tailwindcss cache-miss
97 http fetch GET 200 https://registry.npmjs.org/tailwindcss 214ms (cache miss)
98 silly packumentCache full:https://registry.npmjs.org/tailwindcss set size:undefined disposed:false
99 silly placeDep ROOT @vitejs/plugin-react@5.2.0 OK for: nems-frontend@1.0.0 want: ^5.0.0
100 silly placeDep ROOT vite@7.3.6 OK for: @vitejs/plugin-react@5.2.0 want: ^4.2.0 || ^5.0.0 || ^6.0.0 || ^7.0.0 || ^8.0.0
101 silly placeDep ROOT autoprefixer@10.5.2 OK for: nems-frontend@1.0.0 want: ^10.4.20
102 silly placeDep ROOT postcss@8.5.15 OK for: autoprefixer@10.5.2 want: ^8.1.0
103 silly placeDep ROOT lucide-react@0.468.0 OK for: nems-frontend@1.0.0 want: ^0.468.0
104 silly placeDep ROOT react@19.2.7 OK for: lucide-react@0.468.0 want: ^16.5.1 || ^17.0.0 || ^18.0.0 || ^19.0.0-rc
105 silly placeDep ROOT react-dom@19.2.7 OK for: nems-frontend@1.0.0 want: ^19.1.0
106 silly placeDep ROOT react-router-dom@7.18.0 OK for: nems-frontend@1.0.0 want: ^7.6.0
107 silly placeDep ROOT recharts@2.15.4 OK for: nems-frontend@1.0.0 want: ^2.15.0
108 silly placeDep ROOT tailwindcss@3.4.19 OK for: nems-frontend@1.0.0 want: ^3.4.17
109 silly fetch manifest @babel/core@^7.29.0
110 silly packumentCache full:https://registry.npmjs.org/@babel%2fcore cache-miss
111 silly fetch manifest react-refresh@^0.18.0
112 silly packumentCache full:https://registry.npmjs.org/react-refresh cache-miss
113 silly fetch manifest @types/babel__core@^7.20.5
114 silly packumentCache full:https://registry.npmjs.org/@types%2fbabel__core cache-miss
115 silly fetch manifest @rolldown/pluginutils@1.0.0-rc.3
116 silly packumentCache full:https://registry.npmjs.org/@rolldown%2fpluginutils cache-miss
117 silly fetch manifest @babel/plugin-transform-react-jsx-self@^7.27.1
118 silly packumentCache full:https://registry.npmjs.org/@babel%2fplugin-transform-react-jsx-self cache-miss
119 silly fetch manifest @babel/plugin-transform-react-jsx-source@^7.27.1
120 silly packumentCache full:https://registry.npmjs.org/@babel%2fplugin-transform-react-jsx-source cache-miss
121 silly fetch manifest esbuild@^0.27.0 || ^0.28.0
122 silly packumentCache full:https://registry.npmjs.org/esbuild cache-miss
123 silly fetch manifest fdir@^6.5.0
124 silly packumentCache full:https://registry.npmjs.org/fdir cache-miss
125 silly fetch manifest picomatch@^4.0.3
126 silly packumentCache full:https://registry.npmjs.org/picomatch cache-miss
127 silly fetch manifest postcss@^8.5.6
128 silly packumentCache full:https://registry.npmjs.org/postcss cache-miss
129 silly fetch manifest rollup@^4.43.0
130 silly packumentCache full:https://registry.npmjs.org/rollup cache-miss
131 http cache https://registry.npmjs.org/postcss 81ms (cache hit)
132 silly packumentCache full:https://registry.npmjs.org/postcss set size:723316 disposed:false
133 silly fetch manifest tinyglobby@^0.2.15
134 silly packumentCache full:https://registry.npmjs.org/tinyglobby cache-miss
135 http fetch GET 200 https://registry.npmjs.org/@types%2fbabel__core 167ms (cache miss)
136 silly packumentCache full:https://registry.npmjs.org/@types%2fbabel__core set size:undefined disposed:false
137 silly fetch manifest fsevents@~2.3.3
138 silly packumentCache full:https://registry.npmjs.org/fsevents cache-miss
139 http fetch GET 200 https://registry.npmjs.org/tinyglobby 83ms (cache miss)
140 silly packumentCache full:https://registry.npmjs.org/tinyglobby set size:undefined disposed:false
141 silly fetch manifest picocolors@^1.1.1
142 silly packumentCache full:https://registry.npmjs.org/picocolors cache-miss
143 http fetch GET 200 https://registry.npmjs.org/@babel%2fcore 189ms (cache miss)
144 silly packumentCache full:https://registry.npmjs.org/@babel%2fcore set size:undefined disposed:false
145 silly fetch manifest fraction.js@^5.3.4
146 silly packumentCache full:https://registry.npmjs.org/fraction.js cache-miss
147 http fetch GET 200 https://registry.npmjs.org/fdir 241ms (cache miss)
148 silly packumentCache full:https://registry.npmjs.org/fdir set size:undefined disposed:false
149 silly fetch manifest browserslist@^4.28.4
150 silly packumentCache full:https://registry.npmjs.org/browserslist cache-miss
151 http fetch GET 200 https://registry.npmjs.org/@babel%2fplugin-transform-react-jsx-source 253ms (cache miss)
152 silly packumentCache full:https://registry.npmjs.org/@babel%2fplugin-transform-react-jsx-source set size:undefined disposed:false
153 silly fetch manifest caniuse-lite@^1.0.30001799
154 silly packumentCache full:https://registry.npmjs.org/caniuse-lite cache-miss
155 http fetch GET 200 https://registry.npmjs.org/picocolors 83ms (cache miss)
156 silly packumentCache full:https://registry.npmjs.org/picocolors set size:undefined disposed:false
157 silly fetch manifest postcss-value-parser@^4.2.0
158 silly packumentCache full:https://registry.npmjs.org/postcss-value-parser cache-miss
159 http fetch GET 200 https://registry.npmjs.org/picomatch 267ms (cache miss)
160 silly packumentCache full:https://registry.npmjs.org/picomatch set size:undefined disposed:false
161 silly fetch manifest nanoid@^3.3.12
162 silly packumentCache full:https://registry.npmjs.org/nanoid cache-miss
163 http fetch GET 200 https://registry.npmjs.org/@babel%2fplugin-transform-react-jsx-self 277ms (cache miss)
164 silly packumentCache full:https://registry.npmjs.org/@babel%2fplugin-transform-react-jsx-self set size:undefined disposed:false
165 silly fetch manifest source-map-js@^1.2.1
166 silly packumentCache full:https://registry.npmjs.org/source-map-js cache-miss
167 http fetch GET 200 https://registry.npmjs.org/@rolldown%2fpluginutils 297ms (cache miss)
168 silly packumentCache full:https://registry.npmjs.org/@rolldown%2fpluginutils set size:undefined disposed:false
169 silly fetch manifest scheduler@^0.27.0
170 silly packumentCache full:https://registry.npmjs.org/scheduler cache-miss
171 http fetch GET 200 https://registry.npmjs.org/fsevents 157ms (cache miss)
172 silly packumentCache full:https://registry.npmjs.org/fsevents set size:undefined disposed:false
173 silly fetch manifest react-router@7.18.0
174 silly packumentCache full:https://registry.npmjs.org/react-router cache-miss
175 http fetch GET 200 https://registry.npmjs.org/fraction.js 138ms (cache miss)
176 silly packumentCache full:https://registry.npmjs.org/fraction.js set size:undefined disposed:false
177 silly fetch manifest clsx@^2.0.0
178 silly packumentCache full:https://registry.npmjs.org/clsx cache-miss
179 http fetch GET 200 https://registry.npmjs.org/postcss-value-parser 126ms (cache miss)
180 silly packumentCache full:https://registry.npmjs.org/postcss-value-parser set size:undefined disposed:false
181 silly fetch manifest lodash@^4.17.21
182 silly packumentCache full:https://registry.npmjs.org/lodash cache-miss
183 http fetch GET 200 https://registry.npmjs.org/source-map-js 138ms (cache miss)
184 silly packumentCache full:https://registry.npmjs.org/source-map-js set size:undefined disposed:false
185 silly fetch manifest react-is@^18.3.1
186 silly packumentCache full:https://registry.npmjs.org/react-is cache-miss
187 http fetch GET 200 https://registry.npmjs.org/clsx 114ms (cache miss)
188 silly packumentCache full:https://registry.npmjs.org/clsx set size:undefined disposed:false
189 silly fetch manifest react-smooth@^4.0.4
190 silly packumentCache full:https://registry.npmjs.org/react-smooth cache-miss
191 http fetch GET 200 https://registry.npmjs.org/browserslist 225ms (cache miss)
192 silly packumentCache full:https://registry.npmjs.org/browserslist set size:undefined disposed:false
193 silly fetch manifest eventemitter3@^4.0.1
194 silly packumentCache full:https://registry.npmjs.org/eventemitter3 cache-miss
195 http fetch GET 200 https://registry.npmjs.org/nanoid 249ms (cache miss)
196 silly packumentCache full:https://registry.npmjs.org/nanoid set size:undefined disposed:false
197 silly fetch manifest recharts-scale@^0.4.4
198 silly packumentCache full:https://registry.npmjs.org/recharts-scale cache-miss
199 http fetch GET 200 https://registry.npmjs.org/lodash 160ms (cache miss)
200 silly packumentCache full:https://registry.npmjs.org/lodash set size:undefined disposed:false
201 silly fetch manifest tiny-invariant@^1.3.1
202 silly packumentCache full:https://registry.npmjs.org/tiny-invariant cache-miss
203 http fetch GET 200 https://registry.npmjs.org/react-smooth 124ms (cache miss)
204 silly packumentCache full:https://registry.npmjs.org/react-smooth set size:undefined disposed:false
205 silly fetch manifest victory-vendor@^36.6.8
206 silly packumentCache full:https://registry.npmjs.org/victory-vendor cache-miss
207 http fetch GET 200 https://registry.npmjs.org/eventemitter3 115ms (cache miss)
208 silly packumentCache full:https://registry.npmjs.org/eventemitter3 set size:undefined disposed:false
209 silly fetch manifest arg@^5.0.2
210 silly packumentCache full:https://registry.npmjs.org/arg cache-miss
211 http fetch GET 200 https://registry.npmjs.org/recharts-scale 104ms (cache miss)
212 silly packumentCache full:https://registry.npmjs.org/recharts-scale set size:undefined disposed:false
213 silly fetch manifest dlv@^1.1.3
214 silly packumentCache full:https://registry.npmjs.org/dlv cache-miss
215 http fetch GET 200 https://registry.npmjs.org/tiny-invariant 94ms (cache miss)
216 silly packumentCache full:https://registry.npmjs.org/tiny-invariant set size:undefined disposed:false
217 silly fetch manifest jiti@^1.21.7
218 silly packumentCache full:https://registry.npmjs.org/jiti cache-miss
219 http fetch GET 200 https://registry.npmjs.org/victory-vendor 119ms (cache miss)
220 silly packumentCache full:https://registry.npmjs.org/victory-vendor set size:undefined disposed:false
221 silly fetch manifest is-glob@^4.0.3
222 silly packumentCache full:https://registry.npmjs.org/is-glob cache-miss
223 http fetch GET 200 https://registry.npmjs.org/arg 111ms (cache miss)
224 silly packumentCache full:https://registry.npmjs.org/arg set size:undefined disposed:false
225 silly fetch manifest resolve@^1.22.8
226 silly packumentCache full:https://registry.npmjs.org/resolve cache-miss
227 http cache https://registry.npmjs.org/jiti 70ms (cache hit)
228 silly packumentCache full:https://registry.npmjs.org/jiti set size:387989 disposed:false
229 silly fetch manifest sucrase@^3.35.0
230 silly packumentCache full:https://registry.npmjs.org/sucrase cache-miss
231 http fetch GET 200 https://registry.npmjs.org/dlv 105ms (cache miss)
232 silly packumentCache full:https://registry.npmjs.org/dlv set size:undefined disposed:false
233 silly fetch manifest chokidar@^3.6.0
234 silly packumentCache full:https://registry.npmjs.org/chokidar cache-miss
235 http fetch GET 200 https://registry.npmjs.org/esbuild 816ms (cache miss)
236 silly packumentCache full:https://registry.npmjs.org/esbuild set size:undefined disposed:false
237 silly fetch manifest fast-glob@^3.3.2
238 silly packumentCache full:https://registry.npmjs.org/fast-glob cache-miss
239 http fetch GET 200 https://registry.npmjs.org/is-glob 140ms (cache miss)
240 silly packumentCache full:https://registry.npmjs.org/is-glob set size:undefined disposed:false
241 silly fetch manifest lilconfig@^3.1.3
242 silly packumentCache full:https://registry.npmjs.org/lilconfig cache-miss
243 http fetch GET 200 https://registry.npmjs.org/resolve 159ms (cache miss)
244 silly packumentCache full:https://registry.npmjs.org/resolve set size:undefined disposed:false
245 silly fetch manifest didyoumean@^1.2.2
246 silly packumentCache full:https://registry.npmjs.org/didyoumean cache-miss
247 http fetch GET 200 https://registry.npmjs.org/caniuse-lite 625ms (cache miss)
248 silly packumentCache full:https://registry.npmjs.org/caniuse-lite set size:undefined disposed:false
249 silly fetch manifest micromatch@^4.0.8
250 silly packumentCache full:https://registry.npmjs.org/micromatch cache-miss
251 http fetch GET 200 https://registry.npmjs.org/chokidar 181ms (cache miss)
252 silly packumentCache full:https://registry.npmjs.org/chokidar set size:undefined disposed:false
253 silly fetch manifest postcss-js@^4.0.1
254 silly packumentCache full:https://registry.npmjs.org/postcss-js cache-miss
255 http fetch GET 200 https://registry.npmjs.org/sucrase 222ms (cache miss)
256 silly packumentCache full:https://registry.npmjs.org/sucrase set size:undefined disposed:false
257 silly fetch manifest glob-parent@^6.0.2
258 silly packumentCache full:https://registry.npmjs.org/glob-parent cache-miss
259 http fetch GET 200 https://registry.npmjs.org/lilconfig 144ms (cache miss)
260 silly packumentCache full:https://registry.npmjs.org/lilconfig set size:undefined disposed:false
261 silly fetch manifest object-hash@^3.0.0
262 silly packumentCache full:https://registry.npmjs.org/object-hash cache-miss
263 http fetch GET 200 https://registry.npmjs.org/postcss-js 78ms (cache miss)
264 silly packumentCache full:https://registry.npmjs.org/postcss-js set size:undefined disposed:false
265 silly fetch manifest normalize-path@^3.0.0
266 silly packumentCache full:https://registry.npmjs.org/normalize-path cache-miss
267 http fetch GET 200 https://registry.npmjs.org/fast-glob 188ms (cache miss)
268 silly packumentCache full:https://registry.npmjs.org/fast-glob set size:undefined disposed:false
269 silly fetch manifest postcss-import@^15.1.0
270 silly packumentCache full:https://registry.npmjs.org/postcss-import cache-miss
271 http fetch GET 200 https://registry.npmjs.org/micromatch 125ms (cache miss)
272 silly packumentCache full:https://registry.npmjs.org/micromatch set size:undefined disposed:false
273 silly fetch manifest postcss-nested@^6.2.0
274 silly packumentCache full:https://registry.npmjs.org/postcss-nested cache-miss
275 http fetch GET 200 https://registry.npmjs.org/glob-parent 81ms (cache miss)
276 silly packumentCache full:https://registry.npmjs.org/glob-parent set size:undefined disposed:false
277 silly fetch manifest @alloc/quick-lru@^5.2.0
278 silly packumentCache full:https://registry.npmjs.org/@alloc%2fquick-lru cache-miss
279 http fetch GET 200 https://registry.npmjs.org/react-router 757ms (cache miss)
280 silly packumentCache full:https://registry.npmjs.org/react-router set size:undefined disposed:false
281 silly fetch manifest postcss-load-config@^4.0.2 || ^5.0 || ^6.0
282 silly packumentCache full:https://registry.npmjs.org/postcss-load-config cache-miss
283 http fetch GET 200 https://registry.npmjs.org/object-hash 151ms (cache miss)
284 silly packumentCache full:https://registry.npmjs.org/object-hash set size:undefined disposed:false
285 silly fetch manifest postcss-selector-parser@^6.1.2
286 silly packumentCache full:https://registry.npmjs.org/postcss-selector-parser cache-miss
287 http fetch GET 200 https://registry.npmjs.org/normalize-path 148ms (cache miss)
288 silly packumentCache full:https://registry.npmjs.org/normalize-path set size:undefined disposed:false
289 http fetch GET 200 https://registry.npmjs.org/react-refresh 1171ms (cache miss)
290 silly packumentCache full:https://registry.npmjs.org/react-refresh set size:undefined disposed:false
291 http fetch GET 200 https://registry.npmjs.org/postcss-import 217ms (cache miss)
292 silly packumentCache full:https://registry.npmjs.org/postcss-import set size:undefined disposed:false
293 http fetch GET 200 https://registry.npmjs.org/@alloc%2fquick-lru 208ms (cache miss)
294 silly packumentCache full:https://registry.npmjs.org/@alloc%2fquick-lru set size:undefined disposed:false
295 http fetch GET 200 https://registry.npmjs.org/didyoumean 395ms (cache miss)
296 silly packumentCache full:https://registry.npmjs.org/didyoumean set size:undefined disposed:false
297 http fetch GET 200 https://registry.npmjs.org/postcss-load-config 142ms (cache miss)
298 silly packumentCache full:https://registry.npmjs.org/postcss-load-config set size:undefined disposed:false
299 http fetch GET 200 https://registry.npmjs.org/postcss-selector-parser 148ms (cache miss)
300 silly packumentCache full:https://registry.npmjs.org/postcss-selector-parser set size:undefined disposed:false
301 http fetch GET 200 https://registry.npmjs.org/postcss-nested 299ms (cache miss)
302 silly packumentCache full:https://registry.npmjs.org/postcss-nested set size:undefined disposed:false
303 http fetch GET 200 https://registry.npmjs.org/rollup 1342ms (cache miss)
304 silly packumentCache full:https://registry.npmjs.org/rollup set size:undefined disposed:false
305 http fetch GET 200 https://registry.npmjs.org/scheduler 1105ms (cache miss)
306 silly packumentCache full:https://registry.npmjs.org/scheduler set size:undefined disposed:false
307 http fetch GET 200 https://registry.npmjs.org/react-is 1062ms (cache miss)
308 silly packumentCache full:https://registry.npmjs.org/react-is set size:undefined disposed:false
309 silly placeDep ROOT @babel/core@7.29.7 OK for: @vitejs/plugin-react@5.2.0 want: ^7.29.0
310 silly placeDep ROOT @babel/plugin-transform-react-jsx-self@7.29.7 OK for: @vitejs/plugin-react@5.2.0 want: ^7.27.1
311 silly placeDep ROOT @babel/plugin-transform-react-jsx-source@7.29.7 OK for: @vitejs/plugin-react@5.2.0 want: ^7.27.1
312 silly placeDep ROOT @rolldown/pluginutils@1.0.0-rc.3 OK for: @vitejs/plugin-react@5.2.0 want: 1.0.0-rc.3
313 silly placeDep ROOT @types/babel__core@7.20.5 OK for: @vitejs/plugin-react@5.2.0 want: ^7.20.5
314 silly placeDep ROOT react-refresh@0.18.0 OK for: @vitejs/plugin-react@5.2.0 want: ^0.18.0
315 silly fetch manifest debug@^4.1.0
316 silly packumentCache full:https://registry.npmjs.org/debug cache-miss
317 silly fetch manifest json5@^2.2.3
318 silly packumentCache full:https://registry.npmjs.org/json5 cache-miss
319 silly fetch manifest semver@^6.3.1
320 silly packumentCache full:https://registry.npmjs.org/semver cache-miss
321 silly fetch manifest gensync@^1.0.0-beta.2
322 silly packumentCache full:https://registry.npmjs.org/gensync cache-miss
323 silly fetch manifest @babel/types@^7.29.7
324 silly packumentCache full:https://registry.npmjs.org/@babel%2ftypes cache-miss
325 silly fetch manifest @babel/parser@^7.29.7
326 silly packumentCache full:https://registry.npmjs.org/@babel%2fparser cache-miss
327 silly fetch manifest @babel/helpers@^7.29.7
328 silly packumentCache full:https://registry.npmjs.org/@babel%2fhelpers cache-miss
329 silly fetch manifest @babel/template@^7.29.7
330 silly packumentCache full:https://registry.npmjs.org/@babel%2ftemplate cache-miss
331 silly fetch manifest @babel/traverse@^7.29.7
332 silly packumentCache full:https://registry.npmjs.org/@babel%2ftraverse cache-miss
333 silly fetch manifest @babel/generator@^7.29.7
334 silly packumentCache full:https://registry.npmjs.org/@babel%2fgenerator cache-miss
335 silly fetch manifest @babel/code-frame@^7.29.7
336 silly packumentCache full:https://registry.npmjs.org/@babel%2fcode-frame cache-miss
337 http fetch GET 200 https://registry.npmjs.org/json5 102ms (cache miss)
338 silly packumentCache full:https://registry.npmjs.org/json5 set size:undefined disposed:false
339 silly fetch manifest convert-source-map@^2.0.0
340 silly packumentCache full:https://registry.npmjs.org/convert-source-map cache-miss
341 http fetch GET 200 https://registry.npmjs.org/gensync 112ms (cache miss)
342 silly packumentCache full:https://registry.npmjs.org/gensync set size:undefined disposed:false
343 silly fetch manifest @jridgewell/remapping@^2.3.5
344 silly packumentCache full:https://registry.npmjs.org/@jridgewell%2fremapping cache-miss
345 http fetch GET 200 https://registry.npmjs.org/debug 129ms (cache miss)
346 silly packumentCache full:https://registry.npmjs.org/debug set size:undefined disposed:false
347 silly fetch manifest @babel/helper-module-transforms@^7.29.7
348 silly packumentCache full:https://registry.npmjs.org/@babel%2fhelper-module-transforms cache-miss
349 http fetch GET 200 https://registry.npmjs.org/semver 146ms (cache miss)
350 silly packumentCache full:https://registry.npmjs.org/semver set size:undefined disposed:false
351 silly fetch manifest @babel/helper-compilation-targets@^7.29.7
352 silly packumentCache full:https://registry.npmjs.org/@babel%2fhelper-compilation-targets cache-miss
353 http fetch GET 200 https://registry.npmjs.org/@babel%2ftemplate 161ms (cache miss)
354 silly packumentCache full:https://registry.npmjs.org/@babel%2ftemplate set size:undefined disposed:false
355 silly fetch manifest @babel/helper-plugin-utils@^7.29.7
356 silly packumentCache full:https://registry.npmjs.org/@babel%2fhelper-plugin-utils cache-miss
357 http fetch GET 200 https://registry.npmjs.org/@babel%2ftypes 180ms (cache miss)
358 silly packumentCache full:https://registry.npmjs.org/@babel%2ftypes set size:undefined disposed:false
359 silly fetch manifest @babel/helper-plugin-utils@^7.29.7
360 silly packumentCache full:https://registry.npmjs.org/@babel%2fhelper-plugin-utils cache-miss
361 http fetch GET 200 https://registry.npmjs.org/@babel%2fhelpers 200ms (cache miss)
362 silly packumentCache full:https://registry.npmjs.org/@babel%2fhelpers set size:undefined disposed:false
363 silly fetch manifest @babel/types@^7.20.7
364 silly packumentCache full:https://registry.npmjs.org/@babel%2ftypes cache-miss
365 http fetch GET 200 https://registry.npmjs.org/@babel%2fgenerator 219ms (cache miss)
366 silly packumentCache full:https://registry.npmjs.org/@babel%2fgenerator set size:undefined disposed:false
367 silly fetch manifest @babel/parser@^7.20.7
368 silly packumentCache full:https://registry.npmjs.org/@babel%2fparser cache-miss
369 http fetch GET 200 https://registry.npmjs.org/convert-source-map 132ms (cache miss)
370 silly packumentCache full:https://registry.npmjs.org/convert-source-map set size:undefined disposed:false
371 silly fetch manifest @types/babel__template@*
372 silly packumentCache full:https://registry.npmjs.org/@types%2fbabel__template cache-miss
373 http fetch GET 200 https://registry.npmjs.org/@babel%2ftraverse 256ms (cache miss)
374 silly packumentCache full:https://registry.npmjs.org/@babel%2ftraverse set size:undefined disposed:false
375 silly fetch manifest @types/babel__traverse@*
376 silly packumentCache full:https://registry.npmjs.org/@types%2fbabel__traverse cache-miss
377 http fetch GET 200 https://registry.npmjs.org/@babel%2fparser 288ms (cache miss)
378 silly packumentCache full:https://registry.npmjs.org/@babel%2fparser set size:undefined disposed:false
379 silly fetch manifest @types/babel__generator@*
380 silly packumentCache full:https://registry.npmjs.org/@types%2fbabel__generator cache-miss
381 http cache https://registry.npmjs.org/@babel%2ftypes 101ms (cache hit)
382 silly packumentCache full:https://registry.npmjs.org/@babel%2ftypes set size:498480 disposed:false
383 http fetch GET 200 https://registry.npmjs.org/@jridgewell%2fremapping 211ms (cache miss)
384 silly packumentCache full:https://registry.npmjs.org/@jridgewell%2fremapping set size:undefined disposed:false
385 http fetch GET 200 https://registry.npmjs.org/@babel%2fhelper-plugin-utils 177ms (cache miss)
386 silly packumentCache full:https://registry.npmjs.org/@babel%2fhelper-plugin-utils set size:undefined disposed:false
387 http fetch GET 200 https://registry.npmjs.org/@babel%2fhelper-compilation-targets 199ms (cache miss)
388 silly packumentCache full:https://registry.npmjs.org/@babel%2fhelper-compilation-targets set size:undefined disposed:false
389 http fetch GET 200 https://registry.npmjs.org/@babel%2fhelper-plugin-utils 166ms (cache miss)
390 silly packumentCache full:https://registry.npmjs.org/@babel%2fhelper-plugin-utils set size:undefined disposed:false
391 http fetch GET 200 https://registry.npmjs.org/@types%2fbabel__template 123ms (cache miss)
392 silly packumentCache full:https://registry.npmjs.org/@types%2fbabel__template set size:undefined disposed:false
393 http fetch GET 200 https://registry.npmjs.org/@types%2fbabel__traverse 95ms (cache miss)
394 silly packumentCache full:https://registry.npmjs.org/@types%2fbabel__traverse set size:undefined disposed:false
395 http fetch GET 200 https://registry.npmjs.org/@babel%2fparser 157ms (cache miss)
396 silly packumentCache full:https://registry.npmjs.org/@babel%2fparser set size:undefined disposed:false
397 http fetch GET 200 https://registry.npmjs.org/@types%2fbabel__generator 104ms (cache miss)
398 silly packumentCache full:https://registry.npmjs.org/@types%2fbabel__generator set size:undefined disposed:false
399 http fetch GET 200 https://registry.npmjs.org/@babel%2fcode-frame 415ms (cache miss)
400 silly packumentCache full:https://registry.npmjs.org/@babel%2fcode-frame set size:undefined disposed:false
401 http fetch GET 200 https://registry.npmjs.org/@babel%2fhelper-module-transforms 301ms (cache miss)
402 silly packumentCache full:https://registry.npmjs.org/@babel%2fhelper-module-transforms set size:undefined disposed:false
403 silly fetch manifest @babel/core@^7.0.0
404 silly packumentCache full:https://registry.npmjs.org/@babel%2fcore cache-miss
405 http cache https://registry.npmjs.org/@babel%2fcore 8ms (cache hit)
406 silly packumentCache full:https://registry.npmjs.org/@babel%2fcore set size:788258 disposed:false
407 silly placeDep ROOT @babel/code-frame@7.29.7 OK for: @babel/core@7.29.7 want: ^7.29.7
408 silly placeDep ROOT @babel/generator@7.29.7 OK for: @babel/core@7.29.7 want: ^7.29.7
409 silly placeDep ROOT @babel/helper-compilation-targets@7.29.7 OK for: @babel/core@7.29.7 want: ^7.29.7
410 silly placeDep ROOT @babel/helper-module-transforms@7.29.7 OK for: @babel/core@7.29.7 want: ^7.29.7
411 silly placeDep ROOT @babel/helpers@7.29.7 OK for: @babel/core@7.29.7 want: ^7.29.7
412 silly placeDep ROOT @babel/parser@7.29.7 OK for: @babel/core@7.29.7 want: ^7.29.7
413 silly placeDep ROOT @babel/template@7.29.7 OK for: @babel/core@7.29.7 want: ^7.29.7
414 silly placeDep ROOT @babel/traverse@7.29.7 OK for: @babel/core@7.29.7 want: ^7.29.7
415 silly placeDep ROOT @babel/types@7.29.7 OK for: @babel/core@7.29.7 want: ^7.29.7
416 silly placeDep ROOT @jridgewell/remapping@2.3.5 OK for: @babel/core@7.29.7 want: ^2.3.5
417 silly placeDep ROOT convert-source-map@2.0.0 OK for: @babel/core@7.29.7 want: ^2.0.0
418 silly placeDep ROOT debug@4.4.3 OK for: @babel/core@7.29.7 want: ^4.1.0
419 silly placeDep ROOT gensync@1.0.0-beta.2 OK for: @babel/core@7.29.7 want: ^1.0.0-beta.2
420 silly placeDep ROOT json5@2.2.3 OK for: @babel/core@7.29.7 want: ^2.2.3
421 silly placeDep ROOT semver@6.3.1 OK for: @babel/core@7.29.7 want: ^6.3.1
422 silly fetch manifest js-tokens@^4.0.0
423 silly packumentCache full:https://registry.npmjs.org/js-tokens cache-miss
424 silly fetch manifest @babel/helper-validator-identifier@^7.29.7
425 silly packumentCache full:https://registry.npmjs.org/@babel%2fhelper-validator-identifier cache-miss
426 silly fetch manifest jsesc@^3.0.2
427 silly packumentCache full:https://registry.npmjs.org/jsesc cache-miss
428 silly fetch manifest @jridgewell/gen-mapping@^0.3.12
429 silly packumentCache full:https://registry.npmjs.org/@jridgewell%2fgen-mapping cache-miss
430 silly fetch manifest @jridgewell/trace-mapping@^0.3.28
431 silly packumentCache full:https://registry.npmjs.org/@jridgewell%2ftrace-mapping cache-miss
432 silly fetch manifest lru-cache@^5.1.1
433 silly packumentCache full:https://registry.npmjs.org/lru-cache cache-miss
434 silly fetch manifest browserslist@^4.24.0
435 silly packumentCache full:https://registry.npmjs.org/browserslist cache-miss
436 silly fetch manifest @babel/compat-data@^7.29.7
437 silly packumentCache full:https://registry.npmjs.org/@babel%2fcompat-data cache-miss
438 silly fetch manifest @babel/helper-validator-option@^7.29.7
439 silly packumentCache full:https://registry.npmjs.org/@babel%2fhelper-validator-option cache-miss
440 silly fetch manifest @babel/helper-module-imports@^7.29.7
441 silly packumentCache full:https://registry.npmjs.org/@babel%2fhelper-module-imports cache-miss
442 silly fetch manifest @babel/helper-validator-identifier@^7.29.7
443 silly packumentCache full:https://registry.npmjs.org/@babel%2fhelper-validator-identifier cache-miss
444 http cache https://registry.npmjs.org/browserslist 17ms (cache hit)
445 silly packumentCache full:https://registry.npmjs.org/browserslist set size:509301 disposed:false
446 silly fetch manifest debug@^4.3.1
447 silly packumentCache full:https://registry.npmjs.org/debug cache-miss
448 http cache https://registry.npmjs.org/debug 9ms (cache hit)
449 silly packumentCache full:https://registry.npmjs.org/debug set size:195840 disposed:false
450 silly fetch manifest @babel/helper-globals@^7.29.7
451 silly packumentCache full:https://registry.npmjs.org/@babel%2fhelper-globals cache-miss
452 http fetch GET 200 https://registry.npmjs.org/js-tokens 72ms (cache miss)
453 silly packumentCache full:https://registry.npmjs.org/js-tokens set size:undefined disposed:false
454 silly fetch manifest @babel/helper-string-parser@^7.29.7
455 silly packumentCache full:https://registry.npmjs.org/@babel%2fhelper-string-parser cache-miss
456 http fetch GET 200 https://registry.npmjs.org/jsesc 87ms (cache miss)
457 silly packumentCache full:https://registry.npmjs.org/jsesc set size:undefined disposed:false
458 silly fetch manifest @babel/helper-validator-identifier@^7.29.7
459 silly packumentCache full:https://registry.npmjs.org/@babel%2fhelper-validator-identifier cache-miss
460 http fetch GET 200 https://registry.npmjs.org/@jridgewell%2fgen-mapping 94ms (cache miss)
461 silly packumentCache full:https://registry.npmjs.org/@jridgewell%2fgen-mapping set size:undefined disposed:false
462 silly fetch manifest @jridgewell/gen-mapping@^0.3.5
463 silly packumentCache full:https://registry.npmjs.org/@jridgewell%2fgen-mapping cache-miss
464 http fetch GET 200 https://registry.npmjs.org/@babel%2fhelper-validator-option 96ms (cache miss)
465 silly packumentCache full:https://registry.npmjs.org/@babel%2fhelper-validator-option set size:undefined disposed:false
466 silly fetch manifest @jridgewell/trace-mapping@^0.3.24
467 silly packumentCache full:https://registry.npmjs.org/@jridgewell%2ftrace-mapping cache-miss
468 http fetch GET 200 https://registry.npmjs.org/@jridgewell%2ftrace-mapping 108ms (cache miss)
469 silly packumentCache full:https://registry.npmjs.org/@jridgewell%2ftrace-mapping set size:undefined disposed:false
470 silly fetch manifest ms@^2.1.3
471 silly packumentCache full:https://registry.npmjs.org/ms cache-miss
472 http fetch GET 200 https://registry.npmjs.org/@babel%2fhelper-validator-identifier 115ms (cache miss)
473 silly packumentCache full:https://registry.npmjs.org/@babel%2fhelper-validator-identifier set size:undefined disposed:false
474 http fetch GET 200 https://registry.npmjs.org/@babel%2fhelper-globals 91ms (cache miss)
475 silly packumentCache full:https://registry.npmjs.org/@babel%2fhelper-globals set size:undefined disposed:false
476 http fetch GET 200 https://registry.npmjs.org/@babel%2fhelper-validator-identifier 133ms (cache miss)
477 silly packumentCache full:https://registry.npmjs.org/@babel%2fhelper-validator-identifier set size:undefined disposed:false
478 http fetch GET 200 https://registry.npmjs.org/@babel%2fhelper-module-imports 150ms (cache miss)
479 silly packumentCache full:https://registry.npmjs.org/@babel%2fhelper-module-imports set size:undefined disposed:false
480 http fetch GET 200 https://registry.npmjs.org/@babel%2fcompat-data 156ms (cache miss)
481 silly packumentCache full:https://registry.npmjs.org/@babel%2fcompat-data set size:undefined disposed:false
482 http cache https://registry.npmjs.org/@jridgewell%2fgen-mapping 82ms (cache hit)
483 silly packumentCache full:https://registry.npmjs.org/@jridgewell%2fgen-mapping set size:75941 disposed:false
484 http fetch GET 200 https://registry.npmjs.org/@babel%2fhelper-validator-identifier 94ms (cache miss)
485 silly packumentCache full:https://registry.npmjs.org/@babel%2fhelper-validator-identifier set size:undefined disposed:false
486 http fetch GET 200 https://registry.npmjs.org/lru-cache 186ms (cache miss)
487 silly packumentCache full:https://registry.npmjs.org/lru-cache set size:undefined disposed:false
488 http fetch GET 200 https://registry.npmjs.org/@babel%2fhelper-string-parser 120ms (cache miss)
489 silly packumentCache full:https://registry.npmjs.org/@babel%2fhelper-string-parser set size:undefined disposed:false
490 http fetch GET 200 https://registry.npmjs.org/@jridgewell%2ftrace-mapping 97ms (cache miss)
491 silly packumentCache full:https://registry.npmjs.org/@jridgewell%2ftrace-mapping set size:undefined disposed:false
492 http fetch GET 200 https://registry.npmjs.org/ms 89ms (cache miss)
493 silly packumentCache full:https://registry.npmjs.org/ms set size:undefined disposed:false
494 silly placeDep ROOT @babel/helper-validator-identifier@7.29.7 OK for: @babel/code-frame@7.29.7 want: ^7.29.7
495 silly placeDep ROOT js-tokens@4.0.0 OK for: @babel/code-frame@7.29.7 want: ^4.0.0
496 silly placeDep ROOT picocolors@1.1.1 OK for: @babel/code-frame@7.29.7 want: ^1.1.1
497 silly placeDep ROOT @jridgewell/gen-mapping@0.3.13 OK for: @babel/generator@7.29.7 want: ^0.3.12
498 silly placeDep ROOT @jridgewell/trace-mapping@0.3.31 OK for: @babel/generator@7.29.7 want: ^0.3.28
499 silly placeDep ROOT jsesc@3.1.0 OK for: @babel/generator@7.29.7 want: ^3.0.2
500 silly fetch manifest @jridgewell/sourcemap-codec@^1.5.0
501 silly packumentCache full:https://registry.npmjs.org/@jridgewell%2fsourcemap-codec cache-miss
502 silly fetch manifest @jridgewell/resolve-uri@^3.1.0
503 silly packumentCache full:https://registry.npmjs.org/@jridgewell%2fresolve-uri cache-miss
504 silly fetch manifest @jridgewell/sourcemap-codec@^1.4.14
505 silly packumentCache full:https://registry.npmjs.org/@jridgewell%2fsourcemap-codec cache-miss
506 http fetch GET 200 https://registry.npmjs.org/@jridgewell%2fsourcemap-codec 47ms (cache miss)
507 silly packumentCache full:https://registry.npmjs.org/@jridgewell%2fsourcemap-codec set size:undefined disposed:false
508 http fetch GET 200 https://registry.npmjs.org/@jridgewell%2fsourcemap-codec 51ms (cache miss)
509 silly packumentCache full:https://registry.npmjs.org/@jridgewell%2fsourcemap-codec set size:undefined disposed:false
510 http fetch GET 200 https://registry.npmjs.org/@jridgewell%2fresolve-uri 53ms (cache miss)
511 silly packumentCache full:https://registry.npmjs.org/@jridgewell%2fresolve-uri set size:undefined disposed:false
512 silly placeDep ROOT @babel/compat-data@7.29.7 OK for: @babel/helper-compilation-targets@7.29.7 want: ^7.29.7
513 silly placeDep ROOT @babel/helper-validator-option@7.29.7 OK for: @babel/helper-compilation-targets@7.29.7 want: ^7.29.7
514 silly placeDep ROOT browserslist@4.28.4 OK for: @babel/helper-compilation-targets@7.29.7 want: ^4.24.0
515 silly placeDep ROOT lru-cache@5.1.1 OK for: @babel/helper-compilation-targets@7.29.7 want: ^5.1.1
516 silly fetch manifest node-releases@^2.0.48
517 silly packumentCache full:https://registry.npmjs.org/node-releases cache-miss
518 silly fetch manifest electron-to-chromium@^1.5.376
519 silly packumentCache full:https://registry.npmjs.org/electron-to-chromium cache-miss
520 silly fetch manifest update-browserslist-db@^1.2.3
521 silly packumentCache full:https://registry.npmjs.org/update-browserslist-db cache-miss
522 silly fetch manifest baseline-browser-mapping@^2.10.38
523 silly packumentCache full:https://registry.npmjs.org/baseline-browser-mapping cache-miss
524 silly fetch manifest yallist@^3.0.2
525 silly packumentCache full:https://registry.npmjs.org/yallist cache-miss
526 http fetch GET 200 https://registry.npmjs.org/update-browserslist-db 36ms (cache miss)
527 silly packumentCache full:https://registry.npmjs.org/update-browserslist-db set size:undefined disposed:false
528 http fetch GET 200 https://registry.npmjs.org/yallist 60ms (cache miss)
529 silly packumentCache full:https://registry.npmjs.org/yallist set size:undefined disposed:false
530 http fetch GET 200 https://registry.npmjs.org/baseline-browser-mapping 71ms (cache miss)
531 silly packumentCache full:https://registry.npmjs.org/baseline-browser-mapping set size:undefined disposed:false
532 http fetch GET 200 https://registry.npmjs.org/node-releases 84ms (cache miss)
533 silly packumentCache full:https://registry.npmjs.org/node-releases set size:undefined disposed:false
534 http fetch GET 200 https://registry.npmjs.org/electron-to-chromium 162ms (cache miss)
535 silly packumentCache full:https://registry.npmjs.org/electron-to-chromium set size:undefined disposed:false
536 silly placeDep ROOT @babel/helper-module-imports@7.29.7 OK for: @babel/helper-module-transforms@7.29.7 want: ^7.29.7
537 silly placeDep ROOT @babel/helper-plugin-utils@7.29.7 OK for: @babel/plugin-transform-react-jsx-self@7.29.7 want: ^7.29.7
538 silly placeDep ROOT @babel/helper-globals@7.29.7 OK for: @babel/traverse@7.29.7 want: ^7.29.7
539 silly placeDep ROOT @babel/helper-string-parser@7.29.7 OK for: @babel/types@7.29.7 want: ^7.29.7
540 silly placeDep ROOT @jridgewell/sourcemap-codec@1.5.5 OK for: @jridgewell/gen-mapping@0.3.13 want: ^1.5.0
541 silly placeDep ROOT @jridgewell/resolve-uri@3.1.2 OK for: @jridgewell/trace-mapping@0.3.31 want: ^3.1.0
542 silly placeDep ROOT @types/babel__generator@7.27.0 OK for: @types/babel__core@7.20.5 want: *
543 silly placeDep ROOT @types/babel__template@7.4.4 OK for: @types/babel__core@7.20.5 want: *
544 silly placeDep ROOT @types/babel__traverse@7.28.0 OK for: @types/babel__core@7.20.5 want: *
545 silly placeDep ROOT caniuse-lite@1.0.30001799 OK for: autoprefixer@10.5.2 want: ^1.0.30001799
546 silly placeDep ROOT fraction.js@5.3.4 OK for: autoprefixer@10.5.2 want: ^5.3.4
547 silly placeDep ROOT postcss-value-parser@4.2.0 OK for: autoprefixer@10.5.2 want: ^4.2.0
548 silly fetch manifest browserslist@>= 4.21.0
549 silly packumentCache full:https://registry.npmjs.org/browserslist cache-hit
550 silly placeDep ROOT baseline-browser-mapping@2.10.40 OK for: browserslist@4.28.4 want: ^2.10.38
551 silly placeDep ROOT electron-to-chromium@1.5.380 OK for: browserslist@4.28.4 want: ^1.5.376
552 silly placeDep ROOT node-releases@2.0.50 OK for: browserslist@4.28.4 want: ^2.0.48
553 silly placeDep ROOT update-browserslist-db@1.2.3 OK for: browserslist@4.28.4 want: ^1.2.3
554 silly fetch manifest escalade@^3.2.0
555 silly packumentCache full:https://registry.npmjs.org/escalade cache-miss
556 http fetch GET 200 https://registry.npmjs.org/escalade 35ms (cache miss)
557 silly packumentCache full:https://registry.npmjs.org/escalade set size:undefined disposed:false
558 silly placeDep ROOT ms@2.1.3 OK for: debug@4.4.3 want: ^2.1.3
559 silly placeDep ROOT yallist@3.1.1 OK for: lru-cache@5.1.1 want: ^3.0.2
560 silly placeDep ROOT nanoid@3.3.15 OK for: postcss@8.5.15 want: ^3.3.12
561 silly placeDep ROOT source-map-js@1.2.1 OK for: postcss@8.5.15 want: ^1.2.1
562 silly placeDep ROOT scheduler@0.27.0 OK for: react-dom@19.2.7 want: ^0.27.0
563 silly fetch manifest react@>=18
564 silly packumentCache full:https://registry.npmjs.org/react cache-miss
565 http cache https://registry.npmjs.org/react 22ms (cache hit)
566 silly packumentCache full:https://registry.npmjs.org/react set size:6742652 disposed:false
567 silly fetch manifest react-dom@>=18
568 silly packumentCache full:https://registry.npmjs.org/react-dom cache-miss
569 http cache https://registry.npmjs.org/react-dom 31ms (cache hit)
570 silly packumentCache full:https://registry.npmjs.org/react-dom set size:9018326 disposed:false
571 silly placeDep ROOT react-router@7.18.0 OK for: react-router-dom@7.18.0 want: 7.18.0
572 silly fetch manifest cookie@^1.0.1
573 silly packumentCache full:https://registry.npmjs.org/cookie cache-miss
574 silly fetch manifest set-cookie-parser@^2.6.0
575 silly packumentCache full:https://registry.npmjs.org/set-cookie-parser cache-miss
576 http fetch GET 200 https://registry.npmjs.org/cookie 43ms (cache miss)
577 silly packumentCache full:https://registry.npmjs.org/cookie set size:undefined disposed:false
578 http fetch GET 200 https://registry.npmjs.org/set-cookie-parser 46ms (cache miss)
579 silly packumentCache full:https://registry.npmjs.org/set-cookie-parser set size:undefined disposed:false
580 silly placeDep ROOT cookie@1.1.1 OK for: react-router@7.18.0 want: ^1.0.1
581 silly placeDep ROOT set-cookie-parser@2.7.2 OK for: react-router@7.18.0 want: ^2.6.0
582 silly fetch manifest react@^16.0.0 || ^17.0.0 || ^18.0.0 || ^19.0.0
583 silly packumentCache full:https://registry.npmjs.org/react cache-miss
584 http cache https://registry.npmjs.org/react 27ms (cache hit)
585 silly packumentCache full:https://registry.npmjs.org/react set size:6742652 disposed:false
586 silly fetch manifest react-dom@^16.0.0 || ^17.0.0 || ^18.0.0 || ^19.0.0
587 silly packumentCache full:https://registry.npmjs.org/react-dom cache-miss
588 http cache https://registry.npmjs.org/react-dom 29ms (cache hit)
589 silly packumentCache full:https://registry.npmjs.org/react-dom set size:9018326 disposed:false
590 silly placeDep ROOT clsx@2.1.1 OK for: recharts@2.15.4 want: ^2.0.0
591 silly placeDep ROOT eventemitter3@4.0.7 OK for: recharts@2.15.4 want: ^4.0.1
592 silly placeDep ROOT lodash@4.18.1 OK for: recharts@2.15.4 want: ^4.17.21
593 silly placeDep ROOT react-is@18.3.1 OK for: recharts@2.15.4 want: ^18.3.1
594 silly placeDep ROOT react-smooth@4.0.4 OK for: recharts@2.15.4 want: ^4.0.4
595 silly placeDep ROOT recharts-scale@0.4.5 OK for: recharts@2.15.4 want: ^0.4.4
596 silly placeDep ROOT tiny-invariant@1.3.3 OK for: recharts@2.15.4 want: ^1.3.1
597 silly placeDep ROOT victory-vendor@36.9.2 OK for: recharts@2.15.4 want: ^36.6.8
598 silly fetch manifest fast-equals@^5.0.1
599 silly packumentCache full:https://registry.npmjs.org/fast-equals cache-miss
600 silly fetch manifest prop-types@^15.8.1
601 silly packumentCache full:https://registry.npmjs.org/prop-types cache-miss
602 silly fetch manifest react-transition-group@^4.4.5
603 silly packumentCache full:https://registry.npmjs.org/react-transition-group cache-miss
604 silly fetch manifest decimal.js-light@^2.4.1
605 silly packumentCache full:https://registry.npmjs.org/decimal.js-light cache-miss
606 silly fetch manifest d3-ease@^3.0.1
607 silly packumentCache full:https://registry.npmjs.org/d3-ease cache-miss
608 silly fetch manifest d3-time@^3.0.0
609 silly packumentCache full:https://registry.npmjs.org/d3-time cache-miss
610 silly fetch manifest d3-array@^3.1.6
611 silly packumentCache full:https://registry.npmjs.org/d3-array cache-miss
612 silly fetch manifest d3-scale@^4.0.2
613 silly packumentCache full:https://registry.npmjs.org/d3-scale cache-miss
614 silly fetch manifest d3-shape@^3.1.0
615 silly packumentCache full:https://registry.npmjs.org/d3-shape cache-miss
616 silly fetch manifest d3-timer@^3.0.1
617 silly packumentCache full:https://registry.npmjs.org/d3-timer cache-miss
618 silly fetch manifest @types/d3-ease@^3.0.0
619 silly packumentCache full:https://registry.npmjs.org/@types%2fd3-ease cache-miss
620 http fetch GET 200 https://registry.npmjs.org/decimal.js-light 77ms (cache miss)
621 silly packumentCache full:https://registry.npmjs.org/decimal.js-light set size:undefined disposed:false
622 silly fetch manifest @types/d3-time@^3.0.0
623 silly packumentCache full:https://registry.npmjs.org/@types%2fd3-time cache-miss
624 http fetch GET 200 https://registry.npmjs.org/prop-types 81ms (cache miss)
625 silly packumentCache full:https://registry.npmjs.org/prop-types set size:undefined disposed:false
626 silly fetch manifest d3-interpolate@^3.0.1
627 silly packumentCache full:https://registry.npmjs.org/d3-interpolate cache-miss
628 http fetch GET 200 https://registry.npmjs.org/react-transition-group 98ms (cache miss)
629 silly packumentCache full:https://registry.npmjs.org/react-transition-group set size:undefined disposed:false
630 silly fetch manifest @types/d3-array@^3.0.3
631 silly packumentCache full:https://registry.npmjs.org/@types%2fd3-array cache-miss
632 http fetch GET 200 https://registry.npmjs.org/d3-ease 104ms (cache miss)
633 silly packumentCache full:https://registry.npmjs.org/d3-ease set size:undefined disposed:false
634 silly fetch manifest @types/d3-scale@^4.0.2
635 silly packumentCache full:https://registry.npmjs.org/@types%2fd3-scale cache-miss
636 http fetch GET 200 https://registry.npmjs.org/d3-time 109ms (cache miss)
637 silly packumentCache full:https://registry.npmjs.org/d3-time set size:undefined disposed:false
638 silly fetch manifest @types/d3-shape@^3.1.0
639 silly packumentCache full:https://registry.npmjs.org/@types%2fd3-shape cache-miss
640 http fetch GET 200 https://registry.npmjs.org/d3-timer 121ms (cache miss)
641 silly packumentCache full:https://registry.npmjs.org/d3-timer set size:undefined disposed:false
642 silly fetch manifest @types/d3-timer@^3.0.0
643 silly packumentCache full:https://registry.npmjs.org/@types%2fd3-timer cache-miss
644 http fetch GET 200 https://registry.npmjs.org/d3-array 149ms (cache miss)
645 silly packumentCache full:https://registry.npmjs.org/d3-array set size:undefined disposed:false
646 silly fetch manifest @types/d3-interpolate@^3.0.1
647 silly packumentCache full:https://registry.npmjs.org/@types%2fd3-interpolate cache-miss
648 http fetch GET 200 https://registry.npmjs.org/d3-shape 159ms (cache miss)
649 silly packumentCache full:https://registry.npmjs.org/d3-shape set size:undefined disposed:false
650 http fetch GET 200 https://registry.npmjs.org/fast-equals 187ms (cache miss)
651 silly packumentCache full:https://registry.npmjs.org/fast-equals set size:undefined disposed:false
652 http fetch GET 200 https://registry.npmjs.org/@types%2fd3-time 126ms (cache miss)
653 silly packumentCache full:https://registry.npmjs.org/@types%2fd3-time set size:undefined disposed:false
654 http fetch GET 200 https://registry.npmjs.org/d3-scale 212ms (cache miss)
655 silly packumentCache full:https://registry.npmjs.org/d3-scale set size:undefined disposed:false
656 http fetch GET 200 https://registry.npmjs.org/d3-interpolate 138ms (cache miss)
657 silly packumentCache full:https://registry.npmjs.org/d3-interpolate set size:undefined disposed:false
658 http fetch GET 200 https://registry.npmjs.org/@types%2fd3-timer 111ms (cache miss)
659 silly packumentCache full:https://registry.npmjs.org/@types%2fd3-timer set size:undefined disposed:false
660 http fetch GET 200 https://registry.npmjs.org/@types%2fd3-shape 124ms (cache miss)
661 silly packumentCache full:https://registry.npmjs.org/@types%2fd3-shape set size:undefined disposed:false
662 http fetch GET 200 https://registry.npmjs.org/@types%2fd3-array 141ms (cache miss)
663 silly packumentCache full:https://registry.npmjs.org/@types%2fd3-array set size:undefined disposed:false
664 http fetch GET 200 https://registry.npmjs.org/@types%2fd3-scale 139ms (cache miss)
665 silly packumentCache full:https://registry.npmjs.org/@types%2fd3-scale set size:undefined disposed:false
666 http fetch GET 200 https://registry.npmjs.org/@types%2fd3-ease 290ms (cache miss)
667 silly packumentCache full:https://registry.npmjs.org/@types%2fd3-ease set size:undefined disposed:false
668 http fetch GET 200 https://registry.npmjs.org/@types%2fd3-interpolate 299ms (cache miss)
669 silly packumentCache full:https://registry.npmjs.org/@types%2fd3-interpolate set size:undefined disposed:false
670 silly fetch manifest react@^16.8.0 || ^17.0.0 || ^18.0.0 || ^19.0.0
671 silly packumentCache full:https://registry.npmjs.org/react cache-miss
672 http cache https://registry.npmjs.org/react 27ms (cache hit)
673 silly packumentCache full:https://registry.npmjs.org/react set size:6742652 disposed:false
674 silly fetch manifest react-dom@^16.8.0 || ^17.0.0 || ^18.0.0 || ^19.0.0
675 silly packumentCache full:https://registry.npmjs.org/react-dom cache-miss
676 http cache https://registry.npmjs.org/react-dom 41ms (cache hit)
677 silly packumentCache full:https://registry.npmjs.org/react-dom set size:9018326 disposed:false
678 silly placeDep ROOT fast-equals@5.4.0 OK for: react-smooth@4.0.4 want: ^5.0.1
679 silly placeDep ROOT prop-types@15.8.1 OK for: react-smooth@4.0.4 want: ^15.8.1
680 silly placeDep ROOT react-transition-group@4.4.5 OK for: react-smooth@4.0.4 want: ^4.4.5
681 silly fetch manifest loose-envify@^1.4.0
682 silly packumentCache full:https://registry.npmjs.org/loose-envify cache-miss
683 silly fetch manifest object-assign@^4.1.1
684 silly packumentCache full:https://registry.npmjs.org/object-assign cache-miss
685 silly fetch manifest react-is@^16.13.1
686 silly packumentCache full:https://registry.npmjs.org/react-is cache-miss
687 silly fetch manifest @babel/runtime@^7.5.5
688 silly packumentCache full:https://registry.npmjs.org/@babel%2fruntime cache-miss
689 silly fetch manifest dom-helpers@^5.0.1
690 silly packumentCache full:https://registry.npmjs.org/dom-helpers cache-miss
691 silly fetch manifest loose-envify@^1.4.0
692 silly packumentCache full:https://registry.npmjs.org/loose-envify cache-miss
693 http cache https://registry.npmjs.org/react-is 32ms (cache hit)
694 silly packumentCache full:https://registry.npmjs.org/react-is set size:5455311 disposed:false
695 http fetch GET 200 https://registry.npmjs.org/loose-envify 100ms (cache miss)
696 silly packumentCache full:https://registry.npmjs.org/loose-envify set size:undefined disposed:false
697 http fetch GET 200 https://registry.npmjs.org/loose-envify 100ms (cache miss)
698 silly packumentCache full:https://registry.npmjs.org/loose-envify set size:undefined disposed:false
699 http fetch GET 200 https://registry.npmjs.org/dom-helpers 103ms (cache miss)
700 silly packumentCache full:https://registry.npmjs.org/dom-helpers set size:undefined disposed:false
701 http fetch GET 200 https://registry.npmjs.org/object-assign 109ms (cache miss)
702 silly packumentCache full:https://registry.npmjs.org/object-assign set size:undefined disposed:false
703 http fetch GET 200 https://registry.npmjs.org/@babel%2fruntime 162ms (cache miss)
704 silly packumentCache full:https://registry.npmjs.org/@babel%2fruntime set size:undefined disposed:false
705 silly placeDep ROOT loose-envify@1.4.0 OK for: prop-types@15.8.1 want: ^1.4.0
706 silly placeDep ROOT object-assign@4.1.1 OK for: prop-types@15.8.1 want: ^4.1.1
707 silly placeDep node_modules/prop-types react-is@16.13.1 OK for: prop-types@15.8.1 want: ^16.13.1
708 silly placeDep ROOT @babel/runtime@7.29.7 OK for: react-transition-group@4.4.5 want: ^7.5.5
709 silly placeDep ROOT dom-helpers@5.2.1 OK for: react-transition-group@4.4.5 want: ^5.0.1
710 silly fetch manifest csstype@^3.0.2
711 silly packumentCache full:https://registry.npmjs.org/csstype cache-miss
712 http fetch GET 200 https://registry.npmjs.org/csstype 49ms (cache miss)
713 silly packumentCache full:https://registry.npmjs.org/csstype set size:undefined disposed:false
714 silly placeDep ROOT csstype@3.2.3 OK for: dom-helpers@5.2.1 want: ^3.0.2
715 silly placeDep ROOT decimal.js-light@2.5.1 OK for: recharts-scale@0.4.5 want: ^2.4.1
716 silly fetch manifest postcss@^8.4.47
717 silly packumentCache full:https://registry.npmjs.org/postcss cache-hit
718 silly placeDep ROOT @alloc/quick-lru@5.2.0 OK for: tailwindcss@3.4.19 want: ^5.2.0
719 silly placeDep ROOT arg@5.0.2 OK for: tailwindcss@3.4.19 want: ^5.0.2
720 silly placeDep ROOT chokidar@3.6.0 OK for: tailwindcss@3.4.19 want: ^3.6.0
721 silly placeDep ROOT didyoumean@1.2.2 OK for: tailwindcss@3.4.19 want: ^1.2.2
722 silly placeDep ROOT dlv@1.1.3 OK for: tailwindcss@3.4.19 want: ^1.1.3
723 silly placeDep ROOT fast-glob@3.3.3 OK for: tailwindcss@3.4.19 want: ^3.3.2
724 silly placeDep ROOT glob-parent@6.0.2 OK for: tailwindcss@3.4.19 want: ^6.0.2
725 silly placeDep ROOT is-glob@4.0.3 OK for: tailwindcss@3.4.19 want: ^4.0.3
726 silly placeDep ROOT jiti@1.21.7 OK for: tailwindcss@3.4.19 want: ^1.21.7
727 silly placeDep ROOT lilconfig@3.1.3 OK for: tailwindcss@3.4.19 want: ^3.1.3
728 silly placeDep ROOT micromatch@4.0.8 OK for: tailwindcss@3.4.19 want: ^4.0.8
729 silly placeDep ROOT normalize-path@3.0.0 OK for: tailwindcss@3.4.19 want: ^3.0.0
730 silly placeDep ROOT object-hash@3.0.0 OK for: tailwindcss@3.4.19 want: ^3.0.0
731 silly placeDep ROOT postcss-import@15.1.0 OK for: tailwindcss@3.4.19 want: ^15.1.0
732 silly placeDep ROOT postcss-js@4.1.0 OK for: tailwindcss@3.4.19 want: ^4.0.1
733 silly placeDep ROOT postcss-load-config@6.0.1 OK for: tailwindcss@3.4.19 want: ^4.0.2 || ^5.0 || ^6.0
734 silly placeDep ROOT postcss-nested@6.2.0 OK for: tailwindcss@3.4.19 want: ^6.2.0
735 silly placeDep ROOT postcss-selector-parser@6.1.4 OK for: tailwindcss@3.4.19 want: ^6.1.2
736 silly placeDep ROOT resolve@1.22.12 OK for: tailwindcss@3.4.19 want: ^1.22.8
737 silly placeDep ROOT sucrase@3.35.1 OK for: tailwindcss@3.4.19 want: ^3.35.0
738 silly fetch manifest braces@~3.0.2
739 silly packumentCache full:https://registry.npmjs.org/braces cache-miss
740 silly fetch manifest is-glob@~4.0.1
741 silly packumentCache full:https://registry.npmjs.org/is-glob cache-miss
742 silly fetch manifest anymatch@~3.1.2
743 silly packumentCache full:https://registry.npmjs.org/anymatch cache-miss
744 silly fetch manifest readdirp@~3.6.0
745 silly packumentCache full:https://registry.npmjs.org/readdirp cache-miss
746 silly fetch manifest glob-parent@~5.1.2
747 silly packumentCache full:https://registry.npmjs.org/glob-parent cache-miss
748 silly fetch manifest is-binary-path@~2.1.0
749 silly packumentCache full:https://registry.npmjs.org/is-binary-path cache-miss
750 silly fetch manifest normalize-path@~3.0.0
751 silly packumentCache full:https://registry.npmjs.org/normalize-path cache-miss
752 silly fetch manifest fsevents@~2.3.2
753 silly packumentCache full:https://registry.npmjs.org/fsevents cache-miss
754 silly fetch manifest @nodelib/fs.stat@^2.0.2
755 silly packumentCache full:https://registry.npmjs.org/@nodelib%2ffs.stat cache-miss
756 silly fetch manifest @nodelib/fs.walk@^1.2.3
757 silly packumentCache full:https://registry.npmjs.org/@nodelib%2ffs.walk cache-miss
758 silly fetch manifest glob-parent@^5.1.2
759 silly packumentCache full:https://registry.npmjs.org/glob-parent cache-miss
760 http cache https://registry.npmjs.org/is-glob 21ms (cache hit)
761 silly packumentCache full:https://registry.npmjs.org/is-glob set size:40530 disposed:false
762 silly fetch manifest merge2@^1.3.0
763 silly packumentCache full:https://registry.npmjs.org/merge2 cache-miss
764 http cache https://registry.npmjs.org/fsevents 22ms (cache hit)
765 silly packumentCache full:https://registry.npmjs.org/fsevents set size:182472 disposed:false
766 silly fetch manifest is-extglob@^2.1.1
767 silly packumentCache full:https://registry.npmjs.org/is-extglob cache-miss
768 http cache https://registry.npmjs.org/normalize-path 27ms (cache hit)
769 silly packumentCache full:https://registry.npmjs.org/normalize-path set size:28713 disposed:false
770 silly fetch manifest braces@^3.0.3
771 silly packumentCache full:https://registry.npmjs.org/braces cache-miss
772 http cache https://registry.npmjs.org/glob-parent 29ms (cache hit)
773 silly packumentCache full:https://registry.npmjs.org/glob-parent set size:42445 disposed:false
774 silly fetch manifest picomatch@^2.3.1
775 silly packumentCache full:https://registry.npmjs.org/picomatch cache-miss
776 http cache https://registry.npmjs.org/glob-parent 33ms (cache hit)
777 silly packumentCache full:https://registry.npmjs.org/glob-parent set size:42445 disposed:false
778 silly packumentCache full:https://registry.npmjs.org/glob-parent dispose
779 silly fetch manifest resolve@^1.1.7
780 silly packumentCache full:https://registry.npmjs.org/resolve cache-miss
781 http cache https://registry.npmjs.org/picomatch 26ms (cache hit)
782 silly packumentCache full:https://registry.npmjs.org/picomatch set size:126376 disposed:false
783 silly fetch manifest read-cache@^1.0.0
784 silly packumentCache full:https://registry.npmjs.org/read-cache cache-miss
785 http cache https://registry.npmjs.org/resolve 29ms (cache hit)
786 silly packumentCache full:https://registry.npmjs.org/resolve set size:244568 disposed:false
787 silly fetch manifest camelcase-css@^2.0.1
788 silly packumentCache full:https://registry.npmjs.org/camelcase-css cache-miss
789 http fetch GET 200 https://registry.npmjs.org/@nodelib%2ffs.stat 75ms (cache miss)
790 silly packumentCache full:https://registry.npmjs.org/@nodelib%2ffs.stat set size:undefined disposed:false
791 silly fetch manifest postcss-selector-parser@^6.1.1
792 silly packumentCache full:https://registry.npmjs.org/postcss-selector-parser cache-miss
793 http fetch GET 200 https://registry.npmjs.org/braces 80ms (cache miss)
794 silly packumentCache full:https://registry.npmjs.org/braces set size:undefined disposed:false
795 silly fetch manifest cssesc@^3.0.0
796 silly packumentCache full:https://registry.npmjs.org/cssesc cache-miss
797 http fetch GET 200 https://registry.npmjs.org/is-binary-path 85ms (cache miss)
798 silly packumentCache full:https://registry.npmjs.org/is-binary-path set size:undefined disposed:false
799 silly fetch manifest util-deprecate@^1.0.2
800 silly packumentCache full:https://registry.npmjs.org/util-deprecate cache-miss
801 http fetch GET 200 https://registry.npmjs.org/@nodelib%2ffs.walk 88ms (cache miss)
802 silly packumentCache full:https://registry.npmjs.org/@nodelib%2ffs.walk set size:undefined disposed:false
803 silly fetch manifest es-errors@^1.3.0
804 silly packumentCache full:https://registry.npmjs.org/es-errors cache-miss
805 http fetch GET 200 https://registry.npmjs.org/readdirp 102ms (cache miss)
806 silly packumentCache full:https://registry.npmjs.org/readdirp set size:undefined disposed:false
807 silly fetch manifest path-parse@^1.0.7
808 silly packumentCache full:https://registry.npmjs.org/path-parse cache-miss
809 http fetch GET 200 https://registry.npmjs.org/is-extglob 87ms (cache miss)
810 silly packumentCache full:https://registry.npmjs.org/is-extglob set size:undefined disposed:false
811 silly fetch manifest is-core-module@^2.16.1
812 silly packumentCache full:https://registry.npmjs.org/is-core-module cache-miss
813 http fetch GET 200 https://registry.npmjs.org/merge2 99ms (cache miss)
814 silly packumentCache full:https://registry.npmjs.org/merge2 set size:undefined disposed:false
815 silly fetch manifest supports-preserve-symlinks-flag@^1.0.0
816 silly packumentCache full:https://registry.npmjs.org/supports-preserve-symlinks-flag cache-miss
817 http cache https://registry.npmjs.org/postcss-selector-parser 48ms (cache hit)
818 silly packumentCache full:https://registry.npmjs.org/postcss-selector-parser set size:193966 disposed:false
819 silly fetch manifest commander@^4.0.0
820 silly packumentCache full:https://registry.npmjs.org/commander cache-miss
821 http fetch GET 200 https://registry.npmjs.org/braces 104ms (cache miss)
822 silly packumentCache full:https://registry.npmjs.org/braces set size:undefined disposed:false
823 silly fetch manifest lines-and-columns@^1.1.6
824 silly packumentCache full:https://registry.npmjs.org/lines-and-columns cache-miss
825 http fetch GET 200 https://registry.npmjs.org/camelcase-css 72ms (cache miss)
826 silly packumentCache full:https://registry.npmjs.org/camelcase-css set size:undefined disposed:false
827 silly fetch manifest mz@^2.7.0
828 silly packumentCache full:https://registry.npmjs.org/mz cache-miss
829 http fetch GET 200 https://registry.npmjs.org/read-cache 95ms (cache miss)
830 silly packumentCache full:https://registry.npmjs.org/read-cache set size:undefined disposed:false
831 silly fetch manifest pirates@^4.0.1
832 silly packumentCache full:https://registry.npmjs.org/pirates cache-miss
833 http fetch GET 200 https://registry.npmjs.org/util-deprecate 80ms (cache miss)
834 silly packumentCache full:https://registry.npmjs.org/util-deprecate set size:undefined disposed:false
835 silly fetch manifest tinyglobby@^0.2.11
836 silly packumentCache full:https://registry.npmjs.org/tinyglobby cache-miss
837 http fetch GET 200 https://registry.npmjs.org/cssesc 88ms (cache miss)
838 silly packumentCache full:https://registry.npmjs.org/cssesc set size:undefined disposed:false
839 silly fetch manifest ts-interface-checker@^0.1.9
840 silly packumentCache full:https://registry.npmjs.org/ts-interface-checker cache-miss
841 http fetch GET 200 https://registry.npmjs.org/es-errors 83ms (cache miss)
842 silly packumentCache full:https://registry.npmjs.org/es-errors set size:undefined disposed:false
843 http fetch GET 200 https://registry.npmjs.org/path-parse 78ms (cache miss)
844 silly packumentCache full:https://registry.npmjs.org/path-parse set size:undefined disposed:false
845 http cache https://registry.npmjs.org/tinyglobby 16ms (cache hit)
846 silly packumentCache full:https://registry.npmjs.org/tinyglobby set size:54291 disposed:false
847 http fetch GET 200 https://registry.npmjs.org/supports-preserve-symlinks-flag 118ms (cache miss)
848 silly packumentCache full:https://registry.npmjs.org/supports-preserve-symlinks-flag set size:undefined disposed:false
849 http fetch GET 200 https://registry.npmjs.org/is-core-module 129ms (cache miss)
850 silly packumentCache full:https://registry.npmjs.org/is-core-module set size:undefined disposed:false
851 http fetch GET 200 https://registry.npmjs.org/mz 106ms (cache miss)
852 silly packumentCache full:https://registry.npmjs.org/mz set size:undefined disposed:false
853 http fetch GET 200 https://registry.npmjs.org/ts-interface-checker 94ms (cache miss)
854 silly packumentCache full:https://registry.npmjs.org/ts-interface-checker set size:undefined disposed:false
855 http fetch GET 200 https://registry.npmjs.org/pirates 112ms (cache miss)
856 silly packumentCache full:https://registry.npmjs.org/pirates set size:undefined disposed:false
857 http fetch GET 200 https://registry.npmjs.org/lines-and-columns 135ms (cache miss)
858 silly packumentCache full:https://registry.npmjs.org/lines-and-columns set size:undefined disposed:false
859 http fetch GET 200 https://registry.npmjs.org/commander 145ms (cache miss)
860 silly packumentCache full:https://registry.npmjs.org/commander set size:undefined disposed:false
861 http fetch GET 200 https://registry.npmjs.org/anymatch 291ms (cache miss)
862 silly packumentCache full:https://registry.npmjs.org/anymatch set size:undefined disposed:false
863 silly placeDep ROOT anymatch@3.1.3 OK for: chokidar@3.6.0 want: ~3.1.2
864 silly placeDep ROOT braces@3.0.3 OK for: chokidar@3.6.0 want: ~3.0.2
865 silly placeDep ROOT fsevents@2.3.3 OK for: chokidar@3.6.0 want: ~2.3.2
866 silly placeDep node_modules/chokidar glob-parent@5.1.2 OK for: chokidar@3.6.0 want: ~5.1.2
867 silly placeDep ROOT is-binary-path@2.1.0 OK for: chokidar@3.6.0 want: ~2.1.0
868 silly placeDep ROOT readdirp@3.6.0 OK for: chokidar@3.6.0 want: ~3.6.0
869 silly fetch manifest picomatch@^2.0.4
870 silly packumentCache full:https://registry.npmjs.org/picomatch cache-hit
871 silly fetch manifest fill-range@^7.1.1
872 silly packumentCache full:https://registry.npmjs.org/fill-range cache-miss
873 silly fetch manifest binary-extensions@^2.0.0
874 silly packumentCache full:https://registry.npmjs.org/binary-extensions cache-miss
875 silly fetch manifest picomatch@^2.2.1
876 silly packumentCache full:https://registry.npmjs.org/picomatch cache-hit
877 http fetch GET 200 https://registry.npmjs.org/binary-extensions 40ms (cache miss)
878 silly packumentCache full:https://registry.npmjs.org/binary-extensions set size:undefined disposed:false
879 http fetch GET 200 https://registry.npmjs.org/fill-range 46ms (cache miss)
880 silly packumentCache full:https://registry.npmjs.org/fill-range set size:undefined disposed:false
881 silly placeDep ROOT picomatch@2.3.2 OK for: anymatch@3.1.3 want: ^2.0.4
882 silly placeDep ROOT fill-range@7.1.1 OK for: braces@3.0.3 want: ^7.1.1
883 silly fetch manifest to-regex-range@^5.0.1
884 silly packumentCache full:https://registry.npmjs.org/to-regex-range cache-miss
885 http fetch GET 200 https://registry.npmjs.org/to-regex-range 280ms (cache miss)
886 silly packumentCache full:https://registry.npmjs.org/to-regex-range set size:undefined disposed:false
887 silly placeDep ROOT @nodelib/fs.stat@2.0.5 OK for: fast-glob@3.3.3 want: ^2.0.2
888 silly placeDep ROOT @nodelib/fs.walk@1.2.8 OK for: fast-glob@3.3.3 want: ^1.2.3
889 silly placeDep node_modules/fast-glob glob-parent@5.1.2 OK for: fast-glob@3.3.3 want: ^5.1.2
890 silly placeDep ROOT merge2@1.4.1 OK for: fast-glob@3.3.3 want: ^1.3.0
891 silly fetch manifest fastq@^1.6.0
892 silly packumentCache full:https://registry.npmjs.org/fastq cache-miss
893 silly fetch manifest @nodelib/fs.scandir@2.1.5
894 silly packumentCache full:https://registry.npmjs.org/@nodelib%2ffs.scandir cache-miss
895 http fetch GET 200 https://registry.npmjs.org/fastq 35ms (cache miss)
896 silly packumentCache full:https://registry.npmjs.org/fastq set size:undefined disposed:false
897 http fetch GET 200 https://registry.npmjs.org/@nodelib%2ffs.scandir 44ms (cache miss)
898 silly packumentCache full:https://registry.npmjs.org/@nodelib%2ffs.scandir set size:undefined disposed:false
899 silly placeDep ROOT @nodelib/fs.scandir@2.1.5 OK for: @nodelib/fs.walk@1.2.8 want: 2.1.5
900 silly placeDep ROOT fastq@1.20.1 OK for: @nodelib/fs.walk@1.2.8 want: ^1.6.0
901 silly fetch manifest run-parallel@^1.1.9
902 silly packumentCache full:https://registry.npmjs.org/run-parallel cache-miss
903 silly fetch manifest reusify@^1.0.4
904 silly packumentCache full:https://registry.npmjs.org/reusify cache-miss
905 http fetch GET 200 https://registry.npmjs.org/run-parallel 34ms (cache miss)
906 silly packumentCache full:https://registry.npmjs.org/run-parallel set size:undefined disposed:false
907 http fetch GET 200 https://registry.npmjs.org/reusify 36ms (cache miss)
908 silly packumentCache full:https://registry.npmjs.org/reusify set size:undefined disposed:false
909 silly placeDep ROOT run-parallel@1.2.0 OK for: @nodelib/fs.scandir@2.1.5 want: ^1.1.9
910 silly fetch manifest queue-microtask@^1.2.2
911 silly packumentCache full:https://registry.npmjs.org/queue-microtask cache-miss
912 http fetch GET 200 https://registry.npmjs.org/queue-microtask 46ms (cache miss)
913 silly packumentCache full:https://registry.npmjs.org/queue-microtask set size:undefined disposed:false
914 silly placeDep ROOT reusify@1.1.0 OK for: fastq@1.20.1 want: ^1.0.4
915 silly placeDep ROOT to-regex-range@5.0.1 OK for: fill-range@7.1.1 want: ^5.0.1
916 silly fetch manifest is-number@^7.0.0
917 silly packumentCache full:https://registry.npmjs.org/is-number cache-miss
918 http fetch GET 200 https://registry.npmjs.org/is-number 36ms (cache miss)
919 silly packumentCache full:https://registry.npmjs.org/is-number set size:undefined disposed:false
920 silly placeDep ROOT binary-extensions@2.3.0 OK for: is-binary-path@2.1.0 want: ^2.0.0
921 silly placeDep ROOT is-extglob@2.1.1 OK for: is-glob@4.0.3 want: ^2.1.1
922 silly placeDep ROOT read-cache@1.0.0 OK for: postcss-import@15.1.0 want: ^1.0.0
923 silly fetch manifest pify@^2.3.0
924 silly packumentCache full:https://registry.npmjs.org/pify cache-miss
925 http fetch GET 200 https://registry.npmjs.org/pify 31ms (cache miss)
926 silly packumentCache full:https://registry.npmjs.org/pify set size:undefined disposed:false
927 silly placeDep ROOT camelcase-css@2.0.1 OK for: postcss-js@4.1.0 want: ^2.0.1
928 silly placeDep ROOT cssesc@3.0.0 OK for: postcss-selector-parser@6.1.4 want: ^3.0.0
929 silly placeDep ROOT util-deprecate@1.0.2 OK for: postcss-selector-parser@6.1.4 want: ^1.0.2
930 silly placeDep ROOT pify@2.3.0 OK for: read-cache@1.0.0 want: ^2.3.0
931 silly placeDep ROOT es-errors@1.3.0 OK for: resolve@1.22.12 want: ^1.3.0
932 silly placeDep ROOT is-core-module@2.16.2 OK for: resolve@1.22.12 want: ^2.16.1
933 silly placeDep ROOT path-parse@1.0.7 OK for: resolve@1.22.12 want: ^1.0.7
934 silly placeDep ROOT supports-preserve-symlinks-flag@1.0.0 OK for: resolve@1.22.12 want: ^1.0.0
935 silly fetch manifest hasown@^2.0.3
936 silly packumentCache full:https://registry.npmjs.org/hasown cache-miss
937 http fetch GET 200 https://registry.npmjs.org/hasown 34ms (cache miss)
938 silly packumentCache full:https://registry.npmjs.org/hasown set size:undefined disposed:false
939 silly placeDep ROOT hasown@2.0.4 OK for: is-core-module@2.16.2 want: ^2.0.3
940 silly fetch manifest function-bind@^1.1.2
941 silly packumentCache full:https://registry.npmjs.org/function-bind cache-miss
942 http fetch GET 200 https://registry.npmjs.org/function-bind 31ms (cache miss)
943 silly packumentCache full:https://registry.npmjs.org/function-bind set size:undefined disposed:false
944 silly placeDep ROOT function-bind@1.1.2 OK for: hasown@2.0.4 want: ^1.1.2
945 silly placeDep ROOT queue-microtask@1.2.3 OK for: run-parallel@1.2.0 want: ^1.2.2
946 silly placeDep ROOT commander@4.1.1 OK for: sucrase@3.35.1 want: ^4.0.0
947 silly placeDep ROOT lines-and-columns@1.2.4 OK for: sucrase@3.35.1 want: ^1.1.6
948 silly placeDep ROOT mz@2.7.0 OK for: sucrase@3.35.1 want: ^2.7.0
949 silly placeDep ROOT pirates@4.0.7 OK for: sucrase@3.35.1 want: ^4.0.1
950 silly placeDep ROOT tinyglobby@0.2.17 OK for: sucrase@3.35.1 want: ^0.2.11
951 silly placeDep ROOT ts-interface-checker@0.1.13 OK for: sucrase@3.35.1 want: ^0.1.9
952 silly fetch manifest any-promise@^1.0.0
953 silly packumentCache full:https://registry.npmjs.org/any-promise cache-miss
954 silly fetch manifest thenify-all@^1.0.0
955 silly packumentCache full:https://registry.npmjs.org/thenify-all cache-miss
956 silly fetch manifest picomatch@^4.0.4
957 silly packumentCache full:https://registry.npmjs.org/picomatch cache-hit
958 http fetch GET 200 https://registry.npmjs.org/thenify-all 32ms (cache miss)
959 silly packumentCache full:https://registry.npmjs.org/thenify-all set size:undefined disposed:false
960 http fetch GET 200 https://registry.npmjs.org/any-promise 36ms (cache miss)
961 silly packumentCache full:https://registry.npmjs.org/any-promise set size:undefined disposed:false
962 silly placeDep ROOT any-promise@1.3.0 OK for: mz@2.7.0 want: ^1.0.0
963 silly placeDep ROOT thenify-all@1.6.0 OK for: mz@2.7.0 want: ^1.0.0
964 silly fetch manifest thenify@>= 3.1.0 < 4
965 silly packumentCache full:https://registry.npmjs.org/thenify cache-miss
966 http fetch GET 200 https://registry.npmjs.org/thenify 30ms (cache miss)
967 silly packumentCache full:https://registry.npmjs.org/thenify set size:undefined disposed:false
968 silly placeDep ROOT thenify@3.3.1 OK for: thenify-all@1.6.0 want: >= 3.1.0 < 4
969 silly placeDep node_modules/tinyglobby fdir@6.5.0 OK for: tinyglobby@0.2.17 want: ^6.5.0
970 silly placeDep node_modules/tinyglobby picomatch@4.0.4 OK for: fdir@6.5.0 want: ^3 || ^4
971 silly placeDep ROOT is-number@7.0.0 OK for: to-regex-range@5.0.1 want: ^7.0.0
972 silly placeDep ROOT escalade@3.2.0 OK for: update-browserslist-db@1.2.3 want: ^3.2.0
973 silly placeDep ROOT @types/d3-array@3.2.2 OK for: victory-vendor@36.9.2 want: ^3.0.3
974 silly placeDep ROOT @types/d3-ease@3.0.2 OK for: victory-vendor@36.9.2 want: ^3.0.0
975 silly placeDep ROOT @types/d3-interpolate@3.0.4 OK for: victory-vendor@36.9.2 want: ^3.0.1
976 silly placeDep ROOT @types/d3-scale@4.0.9 OK for: victory-vendor@36.9.2 want: ^4.0.2
977 silly placeDep ROOT @types/d3-shape@3.1.8 OK for: victory-vendor@36.9.2 want: ^3.1.0
978 silly placeDep ROOT @types/d3-time@3.0.4 OK for: victory-vendor@36.9.2 want: ^3.0.0
979 silly placeDep ROOT @types/d3-timer@3.0.2 OK for: victory-vendor@36.9.2 want: ^3.0.0
980 silly placeDep ROOT d3-array@3.2.4 OK for: victory-vendor@36.9.2 want: ^3.1.6
981 silly placeDep ROOT d3-ease@3.0.1 OK for: victory-vendor@36.9.2 want: ^3.0.1
982 silly placeDep ROOT d3-interpolate@3.0.1 OK for: victory-vendor@36.9.2 want: ^3.0.1
983 silly placeDep ROOT d3-scale@4.0.2 OK for: victory-vendor@36.9.2 want: ^4.0.2
984 silly placeDep ROOT d3-shape@3.2.0 OK for: victory-vendor@36.9.2 want: ^3.1.0
985 silly placeDep ROOT d3-time@3.1.0 OK for: victory-vendor@36.9.2 want: ^3.0.0
986 silly placeDep ROOT d3-timer@3.0.1 OK for: victory-vendor@36.9.2 want: ^3.0.1
987 silly fetch manifest @types/d3-color@*
988 silly packumentCache full:https://registry.npmjs.org/@types%2fd3-color cache-miss
989 silly fetch manifest @types/d3-time@*
990 silly packumentCache full:https://registry.npmjs.org/@types%2fd3-time cache-miss
991 silly fetch manifest @types/d3-path@*
992 silly packumentCache full:https://registry.npmjs.org/@types%2fd3-path cache-miss
993 silly fetch manifest internmap@1 - 2
994 silly packumentCache full:https://registry.npmjs.org/internmap cache-miss
995 silly fetch manifest d3-color@1 - 3
996 silly packumentCache full:https://registry.npmjs.org/d3-color cache-miss
997 silly fetch manifest d3-format@1 - 3
998 silly packumentCache full:https://registry.npmjs.org/d3-format cache-miss
999 silly fetch manifest d3-time@2.1.1 - 3
1000 silly packumentCache full:https://registry.npmjs.org/d3-time cache-miss
1001 silly fetch manifest d3-time-format@2 - 4
1002 silly packumentCache full:https://registry.npmjs.org/d3-time-format cache-miss
1003 silly fetch manifest d3-path@^3.1.0
1004 silly packumentCache full:https://registry.npmjs.org/d3-path cache-miss
1005 http cache https://registry.npmjs.org/@types%2fd3-time 13ms (cache hit)
1006 silly packumentCache full:https://registry.npmjs.org/@types%2fd3-time set size:52652 disposed:false
1007 http cache https://registry.npmjs.org/d3-time 13ms (cache hit)
1008 silly packumentCache full:https://registry.npmjs.org/d3-time set size:150406 disposed:false
1009 http fetch GET 200 https://registry.npmjs.org/internmap 48ms (cache miss)
1010 silly packumentCache full:https://registry.npmjs.org/internmap set size:undefined disposed:false
1011 http fetch GET 200 https://registry.npmjs.org/d3-path 51ms (cache miss)
1012 silly packumentCache full:https://registry.npmjs.org/d3-path set size:undefined disposed:false
1013 http fetch GET 200 https://registry.npmjs.org/@types%2fd3-path 60ms (cache miss)
1014 silly packumentCache full:https://registry.npmjs.org/@types%2fd3-path set size:undefined disposed:false
1015 http fetch GET 200 https://registry.npmjs.org/d3-format 62ms (cache miss)
1016 silly packumentCache full:https://registry.npmjs.org/d3-format set size:undefined disposed:false
1017 http fetch GET 200 https://registry.npmjs.org/d3-time-format 68ms (cache miss)
1018 silly packumentCache full:https://registry.npmjs.org/d3-time-format set size:undefined disposed:false
1019 http fetch GET 200 https://registry.npmjs.org/d3-color 74ms (cache miss)
1020 silly packumentCache full:https://registry.npmjs.org/d3-color set size:undefined disposed:false
1021 http fetch GET 200 https://registry.npmjs.org/@types%2fd3-color 78ms (cache miss)
1022 silly packumentCache full:https://registry.npmjs.org/@types%2fd3-color set size:undefined disposed:false
1023 silly placeDep ROOT @types/d3-color@3.1.3 OK for: @types/d3-interpolate@3.0.4 want: *
1024 silly placeDep ROOT @types/d3-path@3.1.1 OK for: @types/d3-shape@3.1.8 want: *
1025 silly placeDep ROOT internmap@2.0.3 OK for: d3-array@3.2.4 want: 1 - 2
1026 silly placeDep ROOT d3-color@3.1.0 OK for: d3-interpolate@3.0.1 want: 1 - 3
1027 silly placeDep ROOT d3-format@3.1.2 OK for: d3-scale@4.0.2 want: 1 - 3
1028 silly placeDep ROOT d3-time-format@4.1.0 OK for: d3-scale@4.0.2 want: 2 - 4
1029 silly placeDep ROOT d3-path@3.1.0 OK for: d3-shape@3.2.0 want: ^3.1.0
1030 silly placeDep ROOT esbuild@0.28.1 OK for: vite@7.3.6 want: ^0.27.0 || ^0.28.0
1031 silly placeDep node_modules/vite fdir@6.5.0 OK for: vite@7.3.6 want: ^6.5.0
1032 silly placeDep node_modules/vite picomatch@4.0.4 OK for: fdir@6.5.0 want: ^3 || ^4
1033 silly placeDep ROOT rollup@4.62.2 OK for: vite@7.3.6 want: ^4.43.0
1034 silly fetch manifest @esbuild/aix-ppc64@0.28.1
1035 silly packumentCache full:https://registry.npmjs.org/@esbuild%2faix-ppc64 cache-miss
1036 silly fetch manifest @esbuild/android-arm@0.28.1
1037 silly packumentCache full:https://registry.npmjs.org/@esbuild%2fandroid-arm cache-miss
1038 silly fetch manifest @esbuild/android-arm64@0.28.1
1039 silly packumentCache full:https://registry.npmjs.org/@esbuild%2fandroid-arm64 cache-miss
1040 silly fetch manifest @esbuild/android-x64@0.28.1
1041 silly packumentCache full:https://registry.npmjs.org/@esbuild%2fandroid-x64 cache-miss
1042 silly fetch manifest @esbuild/darwin-arm64@0.28.1
1043 silly packumentCache full:https://registry.npmjs.org/@esbuild%2fdarwin-arm64 cache-miss
1044 silly fetch manifest @esbuild/darwin-x64@0.28.1
1045 silly packumentCache full:https://registry.npmjs.org/@esbuild%2fdarwin-x64 cache-miss
1046 silly fetch manifest @esbuild/freebsd-arm64@0.28.1
1047 silly packumentCache full:https://registry.npmjs.org/@esbuild%2ffreebsd-arm64 cache-miss
1048 silly fetch manifest @esbuild/freebsd-x64@0.28.1
1049 silly packumentCache full:https://registry.npmjs.org/@esbuild%2ffreebsd-x64 cache-miss
1050 silly fetch manifest @esbuild/linux-arm@0.28.1
1051 silly packumentCache full:https://registry.npmjs.org/@esbuild%2flinux-arm cache-miss
1052 silly fetch manifest @esbuild/linux-arm64@0.28.1
1053 silly packumentCache full:https://registry.npmjs.org/@esbuild%2flinux-arm64 cache-miss
1054 silly fetch manifest @esbuild/linux-ia32@0.28.1
1055 silly packumentCache full:https://registry.npmjs.org/@esbuild%2flinux-ia32 cache-miss
1056 http fetch GET 200 https://registry.npmjs.org/@esbuild%2faix-ppc64 89ms (cache miss)
1057 silly packumentCache full:https://registry.npmjs.org/@esbuild%2faix-ppc64 set size:undefined disposed:false
1058 silly fetch manifest @esbuild/linux-loong64@0.28.1
1059 silly packumentCache full:https://registry.npmjs.org/@esbuild%2flinux-loong64 cache-miss
1060 http fetch GET 200 https://registry.npmjs.org/@esbuild%2fandroid-arm64 119ms (cache miss)
1061 silly packumentCache full:https://registry.npmjs.org/@esbuild%2fandroid-arm64 set size:undefined disposed:false
1062 silly fetch manifest @esbuild/linux-mips64el@0.28.1
1063 silly packumentCache full:https://registry.npmjs.org/@esbuild%2flinux-mips64el cache-miss
1064 http fetch GET 200 https://registry.npmjs.org/@esbuild%2fandroid-x64 124ms (cache miss)
1065 silly packumentCache full:https://registry.npmjs.org/@esbuild%2fandroid-x64 set size:undefined disposed:false
1066 silly fetch manifest @esbuild/linux-ppc64@0.28.1
1067 silly packumentCache full:https://registry.npmjs.org/@esbuild%2flinux-ppc64 cache-miss
1068 http fetch GET 200 https://registry.npmjs.org/@esbuild%2ffreebsd-x64 140ms (cache miss)
1069 silly packumentCache full:https://registry.npmjs.org/@esbuild%2ffreebsd-x64 set size:undefined disposed:false
1070 silly fetch manifest @esbuild/linux-riscv64@0.28.1
1071 silly packumentCache full:https://registry.npmjs.org/@esbuild%2flinux-riscv64 cache-miss
1072 http fetch GET 200 https://registry.npmjs.org/@esbuild%2fandroid-arm 144ms (cache miss)
1073 silly packumentCache full:https://registry.npmjs.org/@esbuild%2fandroid-arm set size:undefined disposed:false
1074 silly fetch manifest @esbuild/linux-s390x@0.28.1
1075 silly packumentCache full:https://registry.npmjs.org/@esbuild%2flinux-s390x cache-miss
1076 http fetch GET 200 https://registry.npmjs.org/@esbuild%2flinux-ia32 151ms (cache miss)
1077 silly packumentCache full:https://registry.npmjs.org/@esbuild%2flinux-ia32 set size:undefined disposed:false
1078 silly fetch manifest @esbuild/linux-x64@0.28.1
1079 silly packumentCache full:https://registry.npmjs.org/@esbuild%2flinux-x64 cache-miss
1080 http fetch GET 200 https://registry.npmjs.org/@esbuild%2fdarwin-x64 156ms (cache miss)
1081 silly packumentCache full:https://registry.npmjs.org/@esbuild%2fdarwin-x64 set size:undefined disposed:false
1082 silly fetch manifest @esbuild/netbsd-arm64@0.28.1
1083 silly packumentCache full:https://registry.npmjs.org/@esbuild%2fnetbsd-arm64 cache-miss
1084 http fetch GET 200 https://registry.npmjs.org/@esbuild%2fdarwin-arm64 165ms (cache miss)
1085 silly packumentCache full:https://registry.npmjs.org/@esbuild%2fdarwin-arm64 set size:undefined disposed:false
1086 silly fetch manifest @esbuild/netbsd-x64@0.28.1
1087 silly packumentCache full:https://registry.npmjs.org/@esbuild%2fnetbsd-x64 cache-miss
1088 http fetch GET 200 https://registry.npmjs.org/@esbuild%2ffreebsd-arm64 168ms (cache miss)
1089 silly packumentCache full:https://registry.npmjs.org/@esbuild%2ffreebsd-arm64 set size:undefined disposed:false
1090 silly fetch manifest @esbuild/openbsd-arm64@0.28.1
1091 silly packumentCache full:https://registry.npmjs.org/@esbuild%2fopenbsd-arm64 cache-miss
1092 http fetch GET 200 https://registry.npmjs.org/@esbuild%2flinux-arm64 172ms (cache miss)
1093 silly packumentCache full:https://registry.npmjs.org/@esbuild%2flinux-arm64 set size:undefined disposed:false
1094 silly fetch manifest @esbuild/openbsd-x64@0.28.1
1095 silly packumentCache full:https://registry.npmjs.org/@esbuild%2fopenbsd-x64 cache-miss
1096 http fetch GET 200 https://registry.npmjs.org/@esbuild%2flinux-arm 187ms (cache miss)
1097 silly packumentCache full:https://registry.npmjs.org/@esbuild%2flinux-arm set size:undefined disposed:false
1098 silly fetch manifest @esbuild/openharmony-arm64@0.28.1
1099 silly packumentCache full:https://registry.npmjs.org/@esbuild%2fopenharmony-arm64 cache-miss
1100 http fetch GET 200 https://registry.npmjs.org/@esbuild%2flinux-mips64el 115ms (cache miss)
1101 silly packumentCache full:https://registry.npmjs.org/@esbuild%2flinux-mips64el set size:undefined disposed:false
1102 silly fetch manifest @esbuild/sunos-x64@0.28.1
1103 silly packumentCache full:https://registry.npmjs.org/@esbuild%2fsunos-x64 cache-miss
1104 http fetch GET 200 https://registry.npmjs.org/@esbuild%2flinux-loong64 157ms (cache miss)
1105 silly packumentCache full:https://registry.npmjs.org/@esbuild%2flinux-loong64 set size:undefined disposed:false
1106 silly fetch manifest @esbuild/win32-arm64@0.28.1
1107 silly packumentCache full:https://registry.npmjs.org/@esbuild%2fwin32-arm64 cache-miss
1108 http fetch GET 200 https://registry.npmjs.org/@esbuild%2flinux-ppc64 130ms (cache miss)
1109 silly packumentCache full:https://registry.npmjs.org/@esbuild%2flinux-ppc64 set size:undefined disposed:false
1110 silly fetch manifest @esbuild/win32-ia32@0.28.1
1111 silly packumentCache full:https://registry.npmjs.org/@esbuild%2fwin32-ia32 cache-miss
1112 http fetch GET 200 https://registry.npmjs.org/@esbuild%2flinux-riscv64 121ms (cache miss)
1113 silly packumentCache full:https://registry.npmjs.org/@esbuild%2flinux-riscv64 set size:undefined disposed:false
1114 silly fetch manifest @esbuild/win32-x64@0.28.1
1115 silly packumentCache full:https://registry.npmjs.org/@esbuild%2fwin32-x64 cache-miss
1116 http fetch GET 200 https://registry.npmjs.org/@esbuild%2flinux-x64 115ms (cache miss)
1117 silly packumentCache full:https://registry.npmjs.org/@esbuild%2flinux-x64 set size:undefined disposed:false
1118 silly fetch manifest @types/estree@1.0.9
1119 silly packumentCache full:https://registry.npmjs.org/@types%2festree cache-miss
1120 http fetch GET 200 https://registry.npmjs.org/@esbuild%2flinux-s390x 132ms (cache miss)
1121 silly packumentCache full:https://registry.npmjs.org/@esbuild%2flinux-s390x set size:undefined disposed:false
1122 silly fetch manifest @rollup/rollup-darwin-arm64@4.62.2
1123 silly packumentCache full:https://registry.npmjs.org/@rollup%2frollup-darwin-arm64 cache-miss
1124 http fetch GET 200 https://registry.npmjs.org/@esbuild%2fopenharmony-arm64 107ms (cache miss)
1125 silly packumentCache full:https://registry.npmjs.org/@esbuild%2fopenharmony-arm64 set size:undefined disposed:false
1126 silly fetch manifest @rollup/rollup-android-arm64@4.62.2
1127 silly packumentCache full:https://registry.npmjs.org/@rollup%2frollup-android-arm64 cache-miss
1128 http fetch GET 200 https://registry.npmjs.org/@esbuild%2fnetbsd-x64 135ms (cache miss)
1129 silly packumentCache full:https://registry.npmjs.org/@esbuild%2fnetbsd-x64 set size:undefined disposed:false
1130 silly fetch manifest @rollup/rollup-win32-arm64-msvc@4.62.2
1131 silly packumentCache full:https://registry.npmjs.org/@rollup%2frollup-win32-arm64-msvc cache-miss
1132 http fetch GET 200 https://registry.npmjs.org/@esbuild%2fopenbsd-x64 140ms (cache miss)
1133 silly packumentCache full:https://registry.npmjs.org/@esbuild%2fopenbsd-x64 set size:undefined disposed:false
1134 silly fetch manifest @rollup/rollup-freebsd-arm64@4.62.2
1135 silly packumentCache full:https://registry.npmjs.org/@rollup%2frollup-freebsd-arm64 cache-miss
1136 http fetch GET 200 https://registry.npmjs.org/@esbuild%2fsunos-x64 78ms (cache miss)
1137 silly packumentCache full:https://registry.npmjs.org/@esbuild%2fsunos-x64 set size:undefined disposed:false
1138 silly fetch manifest @rollup/rollup-linux-arm64-gnu@4.62.2
1139 silly packumentCache full:https://registry.npmjs.org/@rollup%2frollup-linux-arm64-gnu cache-miss
1140 http fetch GET 200 https://registry.npmjs.org/@esbuild%2fwin32-arm64 96ms (cache miss)
1141 silly packumentCache full:https://registry.npmjs.org/@esbuild%2fwin32-arm64 set size:undefined disposed:false
1142 silly fetch manifest @rollup/rollup-linux-arm64-musl@4.62.2
1143 silly packumentCache full:https://registry.npmjs.org/@rollup%2frollup-linux-arm64-musl cache-miss
1144 http fetch GET 200 https://registry.npmjs.org/@types%2festree 89ms (cache miss)
1145 silly packumentCache full:https://registry.npmjs.org/@types%2festree set size:undefined disposed:false
1146 silly fetch manifest @rollup/rollup-android-arm-eabi@4.62.2
1147 silly packumentCache full:https://registry.npmjs.org/@rollup%2frollup-android-arm-eabi cache-miss
1148 http fetch GET 200 https://registry.npmjs.org/@esbuild%2fwin32-ia32 105ms (cache miss)
1149 silly packumentCache full:https://registry.npmjs.org/@esbuild%2fwin32-ia32 set size:undefined disposed:false
1150 silly fetch manifest @rollup/rollup-linux-arm-gnueabihf@4.62.2
1151 silly packumentCache full:https://registry.npmjs.org/@rollup%2frollup-linux-arm-gnueabihf cache-miss
1152 http fetch GET 200 https://registry.npmjs.org/@esbuild%2fwin32-x64 110ms (cache miss)
1153 silly packumentCache full:https://registry.npmjs.org/@esbuild%2fwin32-x64 set size:undefined disposed:false
1154 silly fetch manifest @rollup/rollup-linux-arm-musleabihf@4.62.2
1155 silly packumentCache full:https://registry.npmjs.org/@rollup%2frollup-linux-arm-musleabihf cache-miss
1156 http fetch GET 200 https://registry.npmjs.org/@rollup%2frollup-darwin-arm64 118ms (cache miss)
1157 silly packumentCache full:https://registry.npmjs.org/@rollup%2frollup-darwin-arm64 set size:undefined disposed:false
1158 silly fetch manifest @rollup/rollup-win32-ia32-msvc@4.62.2
1159 silly packumentCache full:https://registry.npmjs.org/@rollup%2frollup-win32-ia32-msvc cache-miss
1160 http fetch GET 200 https://registry.npmjs.org/@rollup%2frollup-android-arm64 128ms (cache miss)
1161 silly packumentCache full:https://registry.npmjs.org/@rollup%2frollup-android-arm64 set size:undefined disposed:false
1162 silly fetch manifest @rollup/rollup-linux-loong64-gnu@4.62.2
1163 silly packumentCache full:https://registry.npmjs.org/@rollup%2frollup-linux-loong64-gnu cache-miss
1164 http fetch GET 200 https://registry.npmjs.org/@rollup%2frollup-freebsd-arm64 126ms (cache miss)
1165 silly packumentCache full:https://registry.npmjs.org/@rollup%2frollup-freebsd-arm64 set size:undefined disposed:false
1166 silly fetch manifest @rollup/rollup-linux-loong64-musl@4.62.2
1167 silly packumentCache full:https://registry.npmjs.org/@rollup%2frollup-linux-loong64-musl cache-miss
1168 http fetch GET 200 https://registry.npmjs.org/@rollup%2frollup-win32-arm64-msvc 152ms (cache miss)
1169 silly packumentCache full:https://registry.npmjs.org/@rollup%2frollup-win32-arm64-msvc set size:undefined disposed:false
1170 silly fetch manifest @rollup/rollup-linux-riscv64-gnu@4.62.2
1171 silly packumentCache full:https://registry.npmjs.org/@rollup%2frollup-linux-riscv64-gnu cache-miss
1172 http fetch GET 200 https://registry.npmjs.org/@rollup%2frollup-linux-arm64-gnu 147ms (cache miss)
1173 silly packumentCache full:https://registry.npmjs.org/@rollup%2frollup-linux-arm64-gnu set size:undefined disposed:false
1174 silly fetch manifest @rollup/rollup-linux-riscv64-musl@4.62.2
1175 silly packumentCache full:https://registry.npmjs.org/@rollup%2frollup-linux-riscv64-musl cache-miss
1176 http fetch GET 200 https://registry.npmjs.org/@rollup%2frollup-linux-arm64-musl 137ms (cache miss)
1177 silly packumentCache full:https://registry.npmjs.org/@rollup%2frollup-linux-arm64-musl set size:undefined disposed:false
1178 silly fetch manifest @rollup/rollup-linux-ppc64-gnu@4.62.2
1179 silly packumentCache full:https://registry.npmjs.org/@rollup%2frollup-linux-ppc64-gnu cache-miss
1180 http fetch GET 200 https://registry.npmjs.org/@esbuild%2fnetbsd-arm64 348ms (cache miss)
1181 silly packumentCache full:https://registry.npmjs.org/@esbuild%2fnetbsd-arm64 set size:undefined disposed:false
1182 silly fetch manifest @rollup/rollup-linux-ppc64-musl@4.62.2
1183 silly packumentCache full:https://registry.npmjs.org/@rollup%2frollup-linux-ppc64-musl cache-miss
1184 http fetch GET 200 https://registry.npmjs.org/@esbuild%2fopenbsd-arm64 343ms (cache miss)
1185 silly packumentCache full:https://registry.npmjs.org/@esbuild%2fopenbsd-arm64 set size:undefined disposed:false
1186 silly fetch manifest @rollup/rollup-linux-s390x-gnu@4.62.2
1187 silly packumentCache full:https://registry.npmjs.org/@rollup%2frollup-linux-s390x-gnu cache-miss
1188 http fetch GET 200 https://registry.npmjs.org/@rollup%2frollup-android-arm-eabi 165ms (cache miss)
1189 silly packumentCache full:https://registry.npmjs.org/@rollup%2frollup-android-arm-eabi set size:undefined disposed:false
1190 silly fetch manifest @rollup/rollup-darwin-x64@4.62.2
1191 silly packumentCache full:https://registry.npmjs.org/@rollup%2frollup-darwin-x64 cache-miss
1192 http fetch GET 200 https://registry.npmjs.org/@rollup%2frollup-linux-arm-gnueabihf 169ms (cache miss)
1193 silly packumentCache full:https://registry.npmjs.org/@rollup%2frollup-linux-arm-gnueabihf set size:undefined disposed:false
1194 silly fetch manifest @rollup/rollup-win32-x64-gnu@4.62.2
1195 silly packumentCache full:https://registry.npmjs.org/@rollup%2frollup-win32-x64-gnu cache-miss
1196 http fetch GET 200 https://registry.npmjs.org/@rollup%2frollup-linux-arm-musleabihf 163ms (cache miss)
1197 silly packumentCache full:https://registry.npmjs.org/@rollup%2frollup-linux-arm-musleabihf set size:undefined disposed:false
1198 silly fetch manifest @rollup/rollup-win32-x64-msvc@4.62.2
1199 silly packumentCache full:https://registry.npmjs.org/@rollup%2frollup-win32-x64-msvc cache-miss
1200 http fetch GET 200 https://registry.npmjs.org/@rollup%2frollup-linux-loong64-gnu 125ms (cache miss)
1201 silly packumentCache full:https://registry.npmjs.org/@rollup%2frollup-linux-loong64-gnu set size:undefined disposed:false
1202 silly fetch manifest @rollup/rollup-freebsd-x64@4.62.2
1203 silly packumentCache full:https://registry.npmjs.org/@rollup%2frollup-freebsd-x64 cache-miss
1204 http fetch GET 200 https://registry.npmjs.org/@rollup%2frollup-linux-loong64-musl 120ms (cache miss)
1205 silly packumentCache full:https://registry.npmjs.org/@rollup%2frollup-linux-loong64-musl set size:undefined disposed:false
1206 silly fetch manifest @rollup/rollup-linux-x64-gnu@4.62.2
1207 silly packumentCache full:https://registry.npmjs.org/@rollup%2frollup-linux-x64-gnu cache-miss
1208 http fetch GET 200 https://registry.npmjs.org/@rollup%2frollup-win32-ia32-msvc 169ms (cache miss)
1209 silly packumentCache full:https://registry.npmjs.org/@rollup%2frollup-win32-ia32-msvc set size:undefined disposed:false
1210 silly fetch manifest @rollup/rollup-linux-x64-musl@4.62.2
1211 silly packumentCache full:https://registry.npmjs.org/@rollup%2frollup-linux-x64-musl cache-miss
1212 http fetch GET 200 https://registry.npmjs.org/@rollup%2frollup-linux-ppc64-musl 78ms (cache miss)
1213 silly packumentCache full:https://registry.npmjs.org/@rollup%2frollup-linux-ppc64-musl set size:undefined disposed:false
1214 silly fetch manifest @rollup/rollup-openbsd-x64@4.62.2
1215 silly packumentCache full:https://registry.npmjs.org/@rollup%2frollup-openbsd-x64 cache-miss
1216 http fetch GET 200 https://registry.npmjs.org/@rollup%2frollup-linux-riscv64-musl 120ms (cache miss)
1217 silly packumentCache full:https://registry.npmjs.org/@rollup%2frollup-linux-riscv64-musl set size:undefined disposed:false
1218 silly fetch manifest @rollup/rollup-openharmony-arm64@4.62.2
1219 silly packumentCache full:https://registry.npmjs.org/@rollup%2frollup-openharmony-arm64 cache-miss
1220 http fetch GET 200 https://registry.npmjs.org/@rollup%2frollup-linux-ppc64-gnu 122ms (cache miss)
1221 silly packumentCache full:https://registry.npmjs.org/@rollup%2frollup-linux-ppc64-gnu set size:undefined disposed:false
1222 http fetch GET 200 https://registry.npmjs.org/@rollup%2frollup-linux-riscv64-gnu 159ms (cache miss)
1223 silly packumentCache full:https://registry.npmjs.org/@rollup%2frollup-linux-riscv64-gnu set size:undefined disposed:false
1224 http fetch GET 200 https://registry.npmjs.org/@rollup%2frollup-linux-s390x-gnu 114ms (cache miss)
1225 silly packumentCache full:https://registry.npmjs.org/@rollup%2frollup-linux-s390x-gnu set size:undefined disposed:false
1226 http fetch GET 200 https://registry.npmjs.org/@rollup%2frollup-win32-x64-gnu 110ms (cache miss)
1227 silly packumentCache full:https://registry.npmjs.org/@rollup%2frollup-win32-x64-gnu set size:undefined disposed:false
1228 http fetch GET 200 https://registry.npmjs.org/@rollup%2frollup-freebsd-x64 107ms (cache miss)
1229 silly packumentCache full:https://registry.npmjs.org/@rollup%2frollup-freebsd-x64 set size:undefined disposed:false
1230 http fetch GET 200 https://registry.npmjs.org/@rollup%2frollup-openbsd-x64 83ms (cache miss)
1231 silly packumentCache full:https://registry.npmjs.org/@rollup%2frollup-openbsd-x64 set size:undefined disposed:false
1232 http fetch GET 200 https://registry.npmjs.org/@rollup%2frollup-darwin-x64 138ms (cache miss)
1233 silly packumentCache full:https://registry.npmjs.org/@rollup%2frollup-darwin-x64 set size:undefined disposed:false
1234 http fetch GET 200 https://registry.npmjs.org/@rollup%2frollup-openharmony-arm64 81ms (cache miss)
1235 silly packumentCache full:https://registry.npmjs.org/@rollup%2frollup-openharmony-arm64 set size:undefined disposed:false
1236 http fetch GET 200 https://registry.npmjs.org/@rollup%2frollup-linux-x64-gnu 114ms (cache miss)
1237 silly packumentCache full:https://registry.npmjs.org/@rollup%2frollup-linux-x64-gnu set size:undefined disposed:false
1238 http fetch GET 200 https://registry.npmjs.org/@rollup%2frollup-win32-x64-msvc 137ms (cache miss)
1239 silly packumentCache full:https://registry.npmjs.org/@rollup%2frollup-win32-x64-msvc set size:undefined disposed:false
1240 http fetch GET 200 https://registry.npmjs.org/@rollup%2frollup-linux-x64-musl 113ms (cache miss)
1241 silly packumentCache full:https://registry.npmjs.org/@rollup%2frollup-linux-x64-musl set size:undefined disposed:false
1242 silly placeDep ROOT @esbuild/aix-ppc64@0.28.1 OK for: esbuild@0.28.1 want: 0.28.1
1243 silly placeDep ROOT @esbuild/android-arm@0.28.1 OK for: esbuild@0.28.1 want: 0.28.1
1244 silly placeDep ROOT @esbuild/android-arm64@0.28.1 OK for: esbuild@0.28.1 want: 0.28.1
1245 silly placeDep ROOT @esbuild/android-x64@0.28.1 OK for: esbuild@0.28.1 want: 0.28.1
1246 silly placeDep ROOT @esbuild/darwin-arm64@0.28.1 OK for: esbuild@0.28.1 want: 0.28.1
1247 silly placeDep ROOT @esbuild/darwin-x64@0.28.1 OK for: esbuild@0.28.1 want: 0.28.1
1248 silly placeDep ROOT @esbuild/freebsd-arm64@0.28.1 OK for: esbuild@0.28.1 want: 0.28.1
1249 silly placeDep ROOT @esbuild/freebsd-x64@0.28.1 OK for: esbuild@0.28.1 want: 0.28.1
1250 silly placeDep ROOT @esbuild/linux-arm@0.28.1 OK for: esbuild@0.28.1 want: 0.28.1
1251 silly placeDep ROOT @esbuild/linux-arm64@0.28.1 OK for: esbuild@0.28.1 want: 0.28.1
1252 silly placeDep ROOT @esbuild/linux-ia32@0.28.1 OK for: esbuild@0.28.1 want: 0.28.1
1253 silly placeDep ROOT @esbuild/linux-loong64@0.28.1 OK for: esbuild@0.28.1 want: 0.28.1
1254 silly placeDep ROOT @esbuild/linux-mips64el@0.28.1 OK for: esbuild@0.28.1 want: 0.28.1
1255 silly placeDep ROOT @esbuild/linux-ppc64@0.28.1 OK for: esbuild@0.28.1 want: 0.28.1
1256 silly placeDep ROOT @esbuild/linux-riscv64@0.28.1 OK for: esbuild@0.28.1 want: 0.28.1
1257 silly placeDep ROOT @esbuild/linux-s390x@0.28.1 OK for: esbuild@0.28.1 want: 0.28.1
1258 silly placeDep ROOT @esbuild/linux-x64@0.28.1 OK for: esbuild@0.28.1 want: 0.28.1
1259 silly placeDep ROOT @esbuild/netbsd-arm64@0.28.1 OK for: esbuild@0.28.1 want: 0.28.1
1260 silly placeDep ROOT @esbuild/netbsd-x64@0.28.1 OK for: esbuild@0.28.1 want: 0.28.1
1261 silly placeDep ROOT @esbuild/openbsd-arm64@0.28.1 OK for: esbuild@0.28.1 want: 0.28.1
1262 silly placeDep ROOT @esbuild/openbsd-x64@0.28.1 OK for: esbuild@0.28.1 want: 0.28.1
1263 silly placeDep ROOT @esbuild/openharmony-arm64@0.28.1 OK for: esbuild@0.28.1 want: 0.28.1
1264 silly placeDep ROOT @esbuild/sunos-x64@0.28.1 OK for: esbuild@0.28.1 want: 0.28.1
1265 silly placeDep ROOT @esbuild/win32-arm64@0.28.1 OK for: esbuild@0.28.1 want: 0.28.1
1266 silly placeDep ROOT @esbuild/win32-ia32@0.28.1 OK for: esbuild@0.28.1 want: 0.28.1
1267 silly placeDep ROOT @esbuild/win32-x64@0.28.1 OK for: esbuild@0.28.1 want: 0.28.1
1268 silly placeDep ROOT @rollup/rollup-android-arm-eabi@4.62.2 OK for: rollup@4.62.2 want: 4.62.2
1269 silly placeDep ROOT @rollup/rollup-android-arm64@4.62.2 OK for: rollup@4.62.2 want: 4.62.2
1270 silly placeDep ROOT @rollup/rollup-darwin-arm64@4.62.2 OK for: rollup@4.62.2 want: 4.62.2
1271 silly placeDep ROOT @rollup/rollup-darwin-x64@4.62.2 OK for: rollup@4.62.2 want: 4.62.2
1272 silly placeDep ROOT @rollup/rollup-freebsd-arm64@4.62.2 OK for: rollup@4.62.2 want: 4.62.2
1273 silly placeDep ROOT @rollup/rollup-freebsd-x64@4.62.2 OK for: rollup@4.62.2 want: 4.62.2
1274 silly placeDep ROOT @rollup/rollup-linux-arm-gnueabihf@4.62.2 OK for: rollup@4.62.2 want: 4.62.2
1275 silly placeDep ROOT @rollup/rollup-linux-arm-musleabihf@4.62.2 OK for: rollup@4.62.2 want: 4.62.2
1276 silly placeDep ROOT @rollup/rollup-linux-arm64-gnu@4.62.2 OK for: rollup@4.62.2 want: 4.62.2
1277 silly placeDep ROOT @rollup/rollup-linux-arm64-musl@4.62.2 OK for: rollup@4.62.2 want: 4.62.2
1278 silly placeDep ROOT @rollup/rollup-linux-loong64-gnu@4.62.2 OK for: rollup@4.62.2 want: 4.62.2
1279 silly placeDep ROOT @rollup/rollup-linux-loong64-musl@4.62.2 OK for: rollup@4.62.2 want: 4.62.2
1280 silly placeDep ROOT @rollup/rollup-linux-ppc64-gnu@4.62.2 OK for: rollup@4.62.2 want: 4.62.2
1281 silly placeDep ROOT @rollup/rollup-linux-ppc64-musl@4.62.2 OK for: rollup@4.62.2 want: 4.62.2
1282 silly placeDep ROOT @rollup/rollup-linux-riscv64-gnu@4.62.2 OK for: rollup@4.62.2 want: 4.62.2
1283 silly placeDep ROOT @rollup/rollup-linux-riscv64-musl@4.62.2 OK for: rollup@4.62.2 want: 4.62.2
1284 silly placeDep ROOT @rollup/rollup-linux-s390x-gnu@4.62.2 OK for: rollup@4.62.2 want: 4.62.2
1285 silly placeDep ROOT @rollup/rollup-linux-x64-gnu@4.62.2 OK for: rollup@4.62.2 want: 4.62.2
1286 silly placeDep ROOT @rollup/rollup-linux-x64-musl@4.62.2 OK for: rollup@4.62.2 want: 4.62.2
1287 silly placeDep ROOT @rollup/rollup-openbsd-x64@4.62.2 OK for: rollup@4.62.2 want: 4.62.2
1288 silly placeDep ROOT @rollup/rollup-openharmony-arm64@4.62.2 OK for: rollup@4.62.2 want: 4.62.2
1289 silly placeDep ROOT @rollup/rollup-win32-arm64-msvc@4.62.2 OK for: rollup@4.62.2 want: 4.62.2
1290 silly placeDep ROOT @rollup/rollup-win32-ia32-msvc@4.62.2 OK for: rollup@4.62.2 want: 4.62.2
1291 silly placeDep ROOT @rollup/rollup-win32-x64-gnu@4.62.2 OK for: rollup@4.62.2 want: 4.62.2
1292 silly placeDep ROOT @rollup/rollup-win32-x64-msvc@4.62.2 OK for: rollup@4.62.2 want: 4.62.2
1293 silly placeDep ROOT @types/estree@1.0.9 OK for: rollup@4.62.2 want: 1.0.9
1294 silly reify moves {}
1295 silly audit bulk request {
1295 silly audit   '@vitejs/plugin-react': [ '5.2.0' ],
1295 silly audit   vite: [ '7.3.6' ],
1295 silly audit   autoprefixer: [ '10.5.2' ],
1295 silly audit   postcss: [ '8.5.15' ],
1295 silly audit   'lucide-react': [ '0.468.0' ],
1295 silly audit   react: [ '19.2.7' ],
1295 silly audit   'react-dom': [ '19.2.7' ],
1295 silly audit   'react-router-dom': [ '7.18.0' ],
1295 silly audit   recharts: [ '2.15.4' ],
1295 silly audit   tailwindcss: [ '3.4.19' ],
1295 silly audit   '@babel/core': [ '7.29.7' ],
1295 silly audit   '@babel/plugin-transform-react-jsx-self': [ '7.29.7' ],
1295 silly audit   '@babel/plugin-transform-react-jsx-source': [ '7.29.7' ],
1295 silly audit   '@rolldown/pluginutils': [ '1.0.0-rc.3' ],
1295 silly audit   '@types/babel__core': [ '7.20.5' ],
1295 silly audit   'react-refresh': [ '0.18.0' ],
1295 silly audit   '@babel/code-frame': [ '7.29.7' ],
1295 silly audit   '@babel/generator': [ '7.29.7' ],
1295 silly audit   '@babel/helper-compilation-targets': [ '7.29.7' ],
1295 silly audit   '@babel/helper-module-transforms': [ '7.29.7' ],
1295 silly audit   '@babel/helpers': [ '7.29.7' ],
1295 silly audit   '@babel/parser': [ '7.29.7' ],
1295 silly audit   '@babel/template': [ '7.29.7' ],
1295 silly audit   '@babel/traverse': [ '7.29.7' ],
1295 silly audit   '@babel/types': [ '7.29.7' ],
1295 silly audit   '@jridgewell/remapping': [ '2.3.5' ],
1295 silly audit   'convert-source-map': [ '2.0.0' ],
1295 silly audit   debug: [ '4.4.3' ],
1295 silly audit   gensync: [ '1.0.0-beta.2' ],
1295 silly audit   json5: [ '2.2.3' ],
1295 silly audit   semver: [ '6.3.1' ],
1295 silly audit   '@babel/helper-validator-identifier': [ '7.29.7' ],
1295 silly audit   'js-tokens': [ '4.0.0' ],
1295 silly audit   picocolors: [ '1.1.1' ],
1295 silly audit   '@jridgewell/gen-mapping': [ '0.3.13' ],
1295 silly audit   '@jridgewell/trace-mapping': [ '0.3.31' ],
1295 silly audit   jsesc: [ '3.1.0' ],
1295 silly audit   '@babel/compat-data': [ '7.29.7' ],
1295 silly audit   '@babel/helper-validator-option': [ '7.29.7' ],
1295 silly audit   browserslist: [ '4.28.4' ],
1295 silly audit   'lru-cache': [ '5.1.1' ],
1295 silly audit   '@babel/helper-module-imports': [ '7.29.7' ],
1295 silly audit   '@babel/helper-plugin-utils': [ '7.29.7' ],
1295 silly audit   '@babel/helper-globals': [ '7.29.7' ],
1295 silly audit   '@babel/helper-string-parser': [ '7.29.7' ],
1295 silly audit   '@jridgewell/sourcemap-codec': [ '1.5.5' ],
1295 silly audit   '@jridgewell/resolve-uri': [ '3.1.2' ],
1295 silly audit   '@types/babel__generator': [ '7.27.0' ],
1295 silly audit   '@types/babel__template': [ '7.4.4' ],
1295 silly audit   '@types/babel__traverse': [ '7.28.0' ],
1295 silly audit   'caniuse-lite': [ '1.0.30001799' ],
1295 silly audit   'fraction.js': [ '5.3.4' ],
1295 silly audit   'postcss-value-parser': [ '4.2.0' ],
1295 silly audit   'baseline-browser-mapping': [ '2.10.40' ],
1295 silly audit   'electron-to-chromium': [ '1.5.380' ],
1295 silly audit   'node-releases': [ '2.0.50' ],
1295 silly audit   'update-browserslist-db': [ '1.2.3' ],
1295 silly audit   ms: [ '2.1.3' ],
1295 silly audit   yallist: [ '3.1.1' ],
1295 silly audit   nanoid: [ '3.3.15' ],
1295 silly audit   'source-map-js': [ '1.2.1' ],
1295 silly audit   scheduler: [ '0.27.0' ],
1295 silly audit   'react-router': [ '7.18.0' ],
1295 silly audit   cookie: [ '1.1.1' ],
1295 silly audit   'set-cookie-parser': [ '2.7.2' ],
1295 silly audit   clsx: [ '2.1.1' ],
1295 silly audit   eventemitter3: [ '4.0.7' ],
1295 silly audit   lodash: [ '4.18.1' ],
1295 silly audit   'react-is': [ '18.3.1', '16.13.1' ],
1295 silly audit   'react-smooth': [ '4.0.4' ],
1295 silly audit   'recharts-scale': [ '0.4.5' ],
1295 silly audit   'tiny-invariant': [ '1.3.3' ],
1295 silly audit   'victory-vendor': [ '36.9.2' ],
1295 silly audit   'fast-equals': [ '5.4.0' ],
1295 silly audit   'prop-types': [ '15.8.1' ],
1295 silly audit   'react-transition-group': [ '4.4.5' ],
1295 silly audit   'loose-envify': [ '1.4.0' ],
1295 silly audit   'object-assign': [ '4.1.1' ],
1295 silly audit   '@babel/runtime': [ '7.29.7' ],
1295 silly audit   'dom-helpers': [ '5.2.1' ],
1295 silly audit   csstype: [ '3.2.3' ],
1295 silly audit   'decimal.js-light': [ '2.5.1' ],
1295 silly audit   '@alloc/quick-lru': [ '5.2.0' ],
1295 silly audit   arg: [ '5.0.2' ],
1295 silly audit   chokidar: [ '3.6.0' ],
1295 silly audit   didyoumean: [ '1.2.2' ],
1295 silly audit   dlv: [ '1.1.3' ],
1295 silly audit   'fast-glob': [ '3.3.3' ],
1295 silly audit   'glob-parent': [ '6.0.2', '5.1.2' ],
1295 silly audit   'is-glob': [ '4.0.3' ],
1295 silly audit   jiti: [ '1.21.7' ],
1295 silly audit   lilconfig: [ '3.1.3' ],
1295 silly audit   micromatch: [ '4.0.8' ],
1295 silly audit   'normalize-path': [ '3.0.0' ],
1295 silly audit   'object-hash': [ '3.0.0' ],
1295 silly audit   'postcss-import': [ '15.1.0' ],
1295 silly audit   'postcss-js': [ '4.1.0' ],
1295 silly audit   'postcss-load-config': [ '6.0.1' ],
1295 silly audit   'postcss-nested': [ '6.2.0' ],
1295 silly audit   'postcss-selector-parser': [ '6.1.4' ],
1295 silly audit   resolve: [ '1.22.12' ],
1295 silly audit   sucrase: [ '3.35.1' ],
1295 silly audit   anymatch: [ '3.1.3' ],
1295 silly audit   braces: [ '3.0.3' ],
1295 silly audit   fsevents: [ '2.3.3' ],
1295 silly audit   'is-binary-path': [ '2.1.0' ],
1295 silly audit   readdirp: [ '3.6.0' ],
1295 silly audit   picomatch: [ '2.3.2', '4.0.4' ],
1295 silly audit   'fill-range': [ '7.1.1' ],
1295 silly audit   '@nodelib/fs.stat': [ '2.0.5' ],
1295 silly audit   '@nodelib/fs.walk': [ '1.2.8' ],
1295 silly audit   merge2: [ '1.4.1' ],
1295 silly audit   '@nodelib/fs.scandir': [ '2.1.5' ],
1295 silly audit   fastq: [ '1.20.1' ],
1295 silly audit   'run-parallel': [ '1.2.0' ],
1295 silly audit   reusify: [ '1.1.0' ],
1295 silly audit   'to-regex-range': [ '5.0.1' ],
1295 silly audit   'binary-extensions': [ '2.3.0' ],
1295 silly audit   'is-extglob': [ '2.1.1' ],
1295 silly audit   'read-cache': [ '1.0.0' ],
1295 silly audit   'camelcase-css': [ '2.0.1' ],
1295 silly audit   cssesc: [ '3.0.0' ],
1295 silly audit   'util-deprecate': [ '1.0.2' ],
1295 silly audit   pify: [ '2.3.0' ],
1295 silly audit   'es-errors': [ '1.3.0' ],
1295 silly audit   'is-core-module': [ '2.16.2' ],
1295 silly audit   'path-parse': [ '1.0.7' ],
1295 silly audit   'supports-preserve-symlinks-flag': [ '1.0.0' ],
1295 silly audit   hasown: [ '2.0.4' ],
1295 silly audit   'function-bind': [ '1.1.2' ],
1295 silly audit   'queue-microtask': [ '1.2.3' ],
1295 silly audit   commander: [ '4.1.1' ],
1295 silly audit   'lines-and-columns': [ '1.2.4' ],
1295 silly audit   mz: [ '2.7.0' ],
1295 silly audit   pirates: [ '4.0.7' ],
1295 silly audit   tinyglobby: [ '0.2.17' ],
1295 silly audit   'ts-interface-checker': [ '0.1.13' ],
1295 silly audit   'any-promise': [ '1.3.0' ],
1295 silly audit   'thenify-all': [ '1.6.0' ],
1295 silly audit   thenify: [ '3.3.1' ],
1295 silly audit   fdir: [ '6.5.0' ],
1295 silly audit   'is-number': [ '7.0.0' ],
1295 silly audit   escalade: [ '3.2.0' ],
1295 silly audit   '@types/d3-array': [ '3.2.2' ],
1295 silly audit   '@types/d3-ease': [ '3.0.2' ],
1295 silly audit   '@types/d3-interpolate': [ '3.0.4' ],
1295 silly audit   '@types/d3-scale': [ '4.0.9' ],
1295 silly audit   '@types/d3-shape': [ '3.1.8' ],
1295 silly audit   '@types/d3-time': [ '3.0.4' ],
1295 silly audit   '@types/d3-timer': [ '3.0.2' ],
1295 silly audit   'd3-array': [ '3.2.4' ],
1295 silly audit   'd3-ease': [ '3.0.1' ],
1295 silly audit   'd3-interpolate': [ '3.0.1' ],
1295 silly audit   'd3-scale': [ '4.0.2' ],
1295 silly audit   'd3-shape': [ '3.2.0' ],
1295 silly audit   'd3-time': [ '3.1.0' ],
1295 silly audit   'd3-timer': [ '3.0.1' ],
1295 silly audit   '@types/d3-color': [ '3.1.3' ],
1295 silly audit   '@types/d3-path': [ '3.1.1' ],
1295 silly audit   internmap: [ '2.0.3' ],
1295 silly audit   'd3-color': [ '3.1.0' ],
1295 silly audit   'd3-format': [ '3.1.2' ],
1295 silly audit   'd3-time-format': [ '4.1.0' ],
1295 silly audit   'd3-path': [ '3.1.0' ],
1295 silly audit   esbuild: [ '0.28.1' ],
1295 silly audit   rollup: [ '4.62.2' ],
1295 silly audit   '@esbuild/aix-ppc64': [ '0.28.1' ],
1295 silly audit   '@esbuild/android-arm': [ '0.28.1' ],
1295 silly audit   '@esbuild/android-arm64': [ '0.28.1' ],
1295 silly audit   '@esbuild/android-x64': [ '0.28.1' ],
1295 silly audit   '@esbuild/darwin-arm64': [ '0.28.1' ],
1295 silly audit   '@esbuild/darwin-x64': [ '0.28.1' ],
1295 silly audit   '@esbuild/freebsd-arm64': [ '0.28.1' ],
1295 silly audit   '@esbuild/freebsd-x64': [ '0.28.1' ],
1295 silly audit   '@esbuild/linux-arm': [ '0.28.1' ],
1295 silly audit   '@esbuild/linux-arm64': [ '0.28.1' ],
1295 silly audit   '@esbuild/linux-ia32': [ '0.28.1' ],
1295 silly audit   '@esbuild/linux-loong64': [ '0.28.1' ],
1295 silly audit   '@esbuild/linux-mips64el': [ '0.28.1' ],
1295 silly audit   '@esbuild/linux-ppc64': [ '0.28.1' ],
1295 silly audit   '@esbuild/linux-riscv64': [ '0.28.1' ],
1295 silly audit   '@esbuild/linux-s390x': [ '0.28.1' ],
1295 silly audit   '@esbuild/linux-x64': [ '0.28.1' ],
1295 silly audit   '@esbuild/netbsd-arm64': [ '0.28.1' ],
1295 silly audit   '@esbuild/netbsd-x64': [ '0.28.1' ],
1295 silly audit   '@esbuild/openbsd-arm64': [ '0.28.1' ],
1295 silly audit   '@esbuild/openbsd-x64': [ '0.28.1' ],
1295 silly audit   '@esbuild/openharmony-arm64': [ '0.28.1' ],
1295 silly audit   '@esbuild/sunos-x64': [ '0.28.1' ],
1295 silly audit   '@esbuild/win32-arm64': [ '0.28.1' ],
1295 silly audit   '@esbuild/win32-ia32': [ '0.28.1' ],
1295 silly audit   '@esbuild/win32-x64': [ '0.28.1' ],
1295 silly audit   '@rollup/rollup-android-arm-eabi': [ '4.62.2' ],
1295 silly audit   '@rollup/rollup-android-arm64': [ '4.62.2' ],
1295 silly audit   '@rollup/rollup-darwin-arm64': [ '4.62.2' ],
1295 silly audit   '@rollup/rollup-darwin-x64': [ '4.62.2' ],
1295 silly audit   '@rollup/rollup-freebsd-arm64': [ '4.62.2' ],
1295 silly audit   '@rollup/rollup-freebsd-x64': [ '4.62.2' ],
1295 silly audit   '@rollup/rollup-linux-arm-gnueabihf': [ '4.62.2' ],
1295 silly audit   '@rollup/rollup-linux-arm-musleabihf': [ '4.62.2' ],
1295 silly audit   '@rollup/rollup-linux-arm64-gnu': [ '4.62.2' ],
1295 silly audit   '@rollup/rollup-linux-arm64-musl': [ '4.62.2' ],
1295 silly audit   '@rollup/rollup-linux-loong64-gnu': [ '4.62.2' ],
1295 silly audit   '@rollup/rollup-linux-loong64-musl': [ '4.62.2' ],
1295 silly audit   '@rollup/rollup-linux-ppc64-gnu': [ '4.62.2' ],
1295 silly audit   '@rollup/rollup-linux-ppc64-musl': [ '4.62.2' ],
1295 silly audit   '@rollup/rollup-linux-riscv64-gnu': [ '4.62.2' ],
1295 silly audit   '@rollup/rollup-linux-riscv64-musl': [ '4.62.2' ],
1295 silly audit   '@rollup/rollup-linux-s390x-gnu': [ '4.62.2' ],
1295 silly audit   '@rollup/rollup-linux-x64-gnu': [ '4.62.2' ],
1295 silly audit   '@rollup/rollup-linux-x64-musl': [ '4.62.2' ],
1295 silly audit   '@rollup/rollup-openbsd-x64': [ '4.62.2' ],
1295 silly audit   '@rollup/rollup-openharmony-arm64': [ '4.62.2' ],
1295 silly audit   '@rollup/rollup-win32-arm64-msvc': [ '4.62.2' ],
1295 silly audit   '@rollup/rollup-win32-ia32-msvc': [ '4.62.2' ],
1295 silly audit   '@rollup/rollup-win32-x64-gnu': [ '4.62.2' ],
1295 silly audit   '@rollup/rollup-win32-x64-msvc': [ '4.62.2' ],
1295 silly audit   '@types/estree': [ '1.0.9' ]
1295 silly audit }
1296 verbose reify failed optional dependency C:\Users\ANURAG RAJ\Desktop\NEXSTAR\node_modules\@rollup\rollup-win32-ia32-msvc
1297 silly reify mark deleted [
1297 silly reify   'C:\\Users\\ANURAG RAJ\\Desktop\\NEXSTAR\\node_modules\\@rollup\\rollup-win32-ia32-msvc'
1297 silly reify ]
1298 verbose reify failed optional dependency C:\Users\ANURAG RAJ\Desktop\NEXSTAR\node_modules\@rollup\rollup-win32-arm64-msvc
1299 silly reify mark deleted [
1299 silly reify   'C:\\Users\\ANURAG RAJ\\Desktop\\NEXSTAR\\node_modules\\@rollup\\rollup-win32-arm64-msvc'
1299 silly reify ]
1300 verbose reify failed optional dependency C:\Users\ANURAG RAJ\Desktop\NEXSTAR\node_modules\@rollup\rollup-openharmony-arm64
1301 silly reify mark deleted [
1301 silly reify   'C:\\Users\\ANURAG RAJ\\Desktop\\NEXSTAR\\node_modules\\@rollup\\rollup-openharmony-arm64'
1301 silly reify ]
1302 verbose reify failed optional dependency C:\Users\ANURAG RAJ\Desktop\NEXSTAR\node_modules\@rollup\rollup-openbsd-x64
1303 silly reify mark deleted [
1303 silly reify   'C:\\Users\\ANURAG RAJ\\Desktop\\NEXSTAR\\node_modules\\@rollup\\rollup-openbsd-x64'
1303 silly reify ]
1304 verbose reify failed optional dependency C:\Users\ANURAG RAJ\Desktop\NEXSTAR\node_modules\@rollup\rollup-linux-x64-musl
1305 silly reify mark deleted [
1305 silly reify   'C:\\Users\\ANURAG RAJ\\Desktop\\NEXSTAR\\node_modules\\@rollup\\rollup-linux-x64-musl'
1305 silly reify ]
1306 verbose reify failed optional dependency C:\Users\ANURAG RAJ\Desktop\NEXSTAR\node_modules\@rollup\rollup-linux-x64-gnu
1307 silly reify mark deleted [
1307 silly reify   'C:\\Users\\ANURAG RAJ\\Desktop\\NEXSTAR\\node_modules\\@rollup\\rollup-linux-x64-gnu'
1307 silly reify ]
1308 verbose reify failed optional dependency C:\Users\ANURAG RAJ\Desktop\NEXSTAR\node_modules\@rollup\rollup-linux-s390x-gnu
1309 silly reify mark deleted [
1309 silly reify   'C:\\Users\\ANURAG RAJ\\Desktop\\NEXSTAR\\node_modules\\@rollup\\rollup-linux-s390x-gnu'
1309 silly reify ]
1310 verbose reify failed optional dependency C:\Users\ANURAG RAJ\Desktop\NEXSTAR\node_modules\@rollup\rollup-linux-riscv64-musl
1311 silly reify mark deleted [
1311 silly reify   'C:\\Users\\ANURAG RAJ\\Desktop\\NEXSTAR\\node_modules\\@rollup\\rollup-linux-riscv64-musl'
1311 silly reify ]
1312 verbose reify failed optional dependency C:\Users\ANURAG RAJ\Desktop\NEXSTAR\node_modules\@rollup\rollup-linux-riscv64-gnu
1313 silly reify mark deleted [
1313 silly reify   'C:\\Users\\ANURAG RAJ\\Desktop\\NEXSTAR\\node_modules\\@rollup\\rollup-linux-riscv64-gnu'
1313 silly reify ]
1314 verbose reify failed optional dependency C:\Users\ANURAG RAJ\Desktop\NEXSTAR\node_modules\@rollup\rollup-linux-ppc64-musl
1315 silly reify mark deleted [
1315 silly reify   'C:\\Users\\ANURAG RAJ\\Desktop\\NEXSTAR\\node_modules\\@rollup\\rollup-linux-ppc64-musl'
1315 silly reify ]
1316 verbose reify failed optional dependency C:\Users\ANURAG RAJ\Desktop\NEXSTAR\node_modules\@rollup\rollup-linux-ppc64-gnu
1317 silly reify mark deleted [
1317 silly reify   'C:\\Users\\ANURAG RAJ\\Desktop\\NEXSTAR\\node_modules\\@rollup\\rollup-linux-ppc64-gnu'
1317 silly reify ]
1318 verbose reify failed optional dependency C:\Users\ANURAG RAJ\Desktop\NEXSTAR\node_modules\@rollup\rollup-linux-loong64-musl
1319 silly reify mark deleted [
1319 silly reify   'C:\\Users\\ANURAG RAJ\\Desktop\\NEXSTAR\\node_modules\\@rollup\\rollup-linux-loong64-musl'
1319 silly reify ]
1320 verbose reify failed optional dependency C:\Users\ANURAG RAJ\Desktop\NEXSTAR\node_modules\@rollup\rollup-linux-loong64-gnu
1321 silly reify mark deleted [
1321 silly reify   'C:\\Users\\ANURAG RAJ\\Desktop\\NEXSTAR\\node_modules\\@rollup\\rollup-linux-loong64-gnu'
1321 silly reify ]
1322 verbose reify failed optional dependency C:\Users\ANURAG RAJ\Desktop\NEXSTAR\node_modules\@rollup\rollup-linux-arm64-musl
1323 silly reify mark deleted [
1323 silly reify   'C:\\Users\\ANURAG RAJ\\Desktop\\NEXSTAR\\node_modules\\@rollup\\rollup-linux-arm64-musl'
1323 silly reify ]
1324 verbose reify failed optional dependency C:\Users\ANURAG RAJ\Desktop\NEXSTAR\node_modules\@rollup\rollup-linux-arm64-gnu
1325 silly reify mark deleted [
1325 silly reify   'C:\\Users\\ANURAG RAJ\\Desktop\\NEXSTAR\\node_modules\\@rollup\\rollup-linux-arm64-gnu'
1325 silly reify ]
1326 verbose reify failed optional dependency C:\Users\ANURAG RAJ\Desktop\NEXSTAR\node_modules\@rollup\rollup-linux-arm-musleabihf
1327 silly reify mark deleted [
1327 silly reify   'C:\\Users\\ANURAG RAJ\\Desktop\\NEXSTAR\\node_modules\\@rollup\\rollup-linux-arm-musleabihf'
1327 silly reify ]
1328 verbose reify failed optional dependency C:\Users\ANURAG RAJ\Desktop\NEXSTAR\node_modules\@rollup\rollup-linux-arm-gnueabihf
1329 silly reify mark deleted [
1329 silly reify   'C:\\Users\\ANURAG RAJ\\Desktop\\NEXSTAR\\node_modules\\@rollup\\rollup-linux-arm-gnueabihf'
1329 silly reify ]
1330 verbose reify failed optional dependency C:\Users\ANURAG RAJ\Desktop\NEXSTAR\node_modules\@rollup\rollup-freebsd-x64
1331 silly reify mark deleted [
1331 silly reify   'C:\\Users\\ANURAG RAJ\\Desktop\\NEXSTAR\\node_modules\\@rollup\\rollup-freebsd-x64'
1331 silly reify ]
1332 verbose reify failed optional dependency C:\Users\ANURAG RAJ\Desktop\NEXSTAR\node_modules\@rollup\rollup-freebsd-arm64
1333 silly reify mark deleted [
1333 silly reify   'C:\\Users\\ANURAG RAJ\\Desktop\\NEXSTAR\\node_modules\\@rollup\\rollup-freebsd-arm64'
1333 silly reify ]
1334 verbose reify failed optional dependency C:\Users\ANURAG RAJ\Desktop\NEXSTAR\node_modules\@rollup\rollup-darwin-x64
1335 silly reify mark deleted [
1335 silly reify   'C:\\Users\\ANURAG RAJ\\Desktop\\NEXSTAR\\node_modules\\@rollup\\rollup-darwin-x64'
1335 silly reify ]
1336 verbose reify failed optional dependency C:\Users\ANURAG RAJ\Desktop\NEXSTAR\node_modules\@rollup\rollup-darwin-arm64
1337 silly reify mark deleted [
1337 silly reify   'C:\\Users\\ANURAG RAJ\\Desktop\\NEXSTAR\\node_modules\\@rollup\\rollup-darwin-arm64'
1337 silly reify ]
1338 verbose reify failed optional dependency C:\Users\ANURAG RAJ\Desktop\NEXSTAR\node_modules\@rollup\rollup-android-arm64
1339 silly reify mark deleted [
1339 silly reify   'C:\\Users\\ANURAG RAJ\\Desktop\\NEXSTAR\\node_modules\\@rollup\\rollup-android-arm64'
1339 silly reify ]
1340 verbose reify failed optional dependency C:\Users\ANURAG RAJ\Desktop\NEXSTAR\node_modules\@rollup\rollup-android-arm-eabi
1341 silly reify mark deleted [
1341 silly reify   'C:\\Users\\ANURAG RAJ\\Desktop\\NEXSTAR\\node_modules\\@rollup\\rollup-android-arm-eabi'
1341 silly reify ]
1342 verbose reify failed optional dependency C:\Users\ANURAG RAJ\Desktop\NEXSTAR\node_modules\@esbuild\win32-ia32
1343 silly reify mark deleted [
1343 silly reify   'C:\\Users\\ANURAG RAJ\\Desktop\\NEXSTAR\\node_modules\\@esbuild\\win32-ia32'
1343 silly reify ]
1344 verbose reify failed optional dependency C:\Users\ANURAG RAJ\Desktop\NEXSTAR\node_modules\@esbuild\win32-arm64
1345 silly reify mark deleted [
1345 silly reify   'C:\\Users\\ANURAG RAJ\\Desktop\\NEXSTAR\\node_modules\\@esbuild\\win32-arm64'
1345 silly reify ]
1346 verbose reify failed optional dependency C:\Users\ANURAG RAJ\Desktop\NEXSTAR\node_modules\@esbuild\sunos-x64
1347 silly reify mark deleted [
1347 silly reify   'C:\\Users\\ANURAG RAJ\\Desktop\\NEXSTAR\\node_modules\\@esbuild\\sunos-x64'
1347 silly reify ]
1348 verbose reify failed optional dependency C:\Users\ANURAG RAJ\Desktop\NEXSTAR\node_modules\@esbuild\openharmony-arm64
1349 silly reify mark deleted [
1349 silly reify   'C:\\Users\\ANURAG RAJ\\Desktop\\NEXSTAR\\node_modules\\@esbuild\\openharmony-arm64'
1349 silly reify ]
1350 verbose reify failed optional dependency C:\Users\ANURAG RAJ\Desktop\NEXSTAR\node_modules\@esbuild\openbsd-x64
1351 silly reify mark deleted [
1351 silly reify   'C:\\Users\\ANURAG RAJ\\Desktop\\NEXSTAR\\node_modules\\@esbuild\\openbsd-x64'
1351 silly reify ]
1352 verbose reify failed optional dependency C:\Users\ANURAG RAJ\Desktop\NEXSTAR\node_modules\@esbuild\openbsd-arm64
1353 silly reify mark deleted [
1353 silly reify   'C:\\Users\\ANURAG RAJ\\Desktop\\NEXSTAR\\node_modules\\@esbuild\\openbsd-arm64'
1353 silly reify ]
1354 verbose reify failed optional dependency C:\Users\ANURAG RAJ\Desktop\NEXSTAR\node_modules\@esbuild\netbsd-x64
1355 silly reify mark deleted [
1355 silly reify   'C:\\Users\\ANURAG RAJ\\Desktop\\NEXSTAR\\node_modules\\@esbuild\\netbsd-x64'
1355 silly reify ]
1356 verbose reify failed optional dependency C:\Users\ANURAG RAJ\Desktop\NEXSTAR\node_modules\@esbuild\netbsd-arm64
1357 silly reify mark deleted [
1357 silly reify   'C:\\Users\\ANURAG RAJ\\Desktop\\NEXSTAR\\node_modules\\@esbuild\\netbsd-arm64'
1357 silly reify ]
1358 verbose reify failed optional dependency C:\Users\ANURAG RAJ\Desktop\NEXSTAR\node_modules\@esbuild\linux-x64
1359 silly reify mark deleted [
1359 silly reify   'C:\\Users\\ANURAG RAJ\\Desktop\\NEXSTAR\\node_modules\\@esbuild\\linux-x64'
1359 silly reify ]
1360 verbose reify failed optional dependency C:\Users\ANURAG RAJ\Desktop\NEXSTAR\node_modules\@esbuild\linux-s390x
1361 silly reify mark deleted [
1361 silly reify   'C:\\Users\\ANURAG RAJ\\Desktop\\NEXSTAR\\node_modules\\@esbuild\\linux-s390x'
1361 silly reify ]
1362 verbose reify failed optional dependency C:\Users\ANURAG RAJ\Desktop\NEXSTAR\node_modules\@esbuild\linux-riscv64
1363 silly reify mark deleted [
1363 silly reify   'C:\\Users\\ANURAG RAJ\\Desktop\\NEXSTAR\\node_modules\\@esbuild\\linux-riscv64'
1363 silly reify ]
1364 verbose reify failed optional dependency C:\Users\ANURAG RAJ\Desktop\NEXSTAR\node_modules\@esbuild\linux-ppc64
1365 silly reify mark deleted [
1365 silly reify   'C:\\Users\\ANURAG RAJ\\Desktop\\NEXSTAR\\node_modules\\@esbuild\\linux-ppc64'
1365 silly reify ]
1366 verbose reify failed optional dependency C:\Users\ANURAG RAJ\Desktop\NEXSTAR\node_modules\@esbuild\linux-mips64el
1367 silly reify mark deleted [
1367 silly reify   'C:\\Users\\ANURAG RAJ\\Desktop\\NEXSTAR\\node_modules\\@esbuild\\linux-mips64el'
1367 silly reify ]
1368 verbose reify failed optional dependency C:\Users\ANURAG RAJ\Desktop\NEXSTAR\node_modules\@esbuild\linux-loong64
1369 silly reify mark deleted [
1369 silly reify   'C:\\Users\\ANURAG RAJ\\Desktop\\NEXSTAR\\node_modules\\@esbuild\\linux-loong64'
1369 silly reify ]
1370 verbose reify failed optional dependency C:\Users\ANURAG RAJ\Desktop\NEXSTAR\node_modules\@esbuild\linux-ia32
1371 silly reify mark deleted [
1371 silly reify   'C:\\Users\\ANURAG RAJ\\Desktop\\NEXSTAR\\node_modules\\@esbuild\\linux-ia32'
1371 silly reify ]
1372 verbose reify failed optional dependency C:\Users\ANURAG RAJ\Desktop\NEXSTAR\node_modules\@esbuild\linux-arm64
1373 silly reify mark deleted [
1373 silly reify   'C:\\Users\\ANURAG RAJ\\Desktop\\NEXSTAR\\node_modules\\@esbuild\\linux-arm64'
1373 silly reify ]
1374 verbose reify failed optional dependency C:\Users\ANURAG RAJ\Desktop\NEXSTAR\node_modules\@esbuild\linux-arm
1375 silly reify mark deleted [
1375 silly reify   'C:\\Users\\ANURAG RAJ\\Desktop\\NEXSTAR\\node_modules\\@esbuild\\linux-arm'
1375 silly reify ]
1376 verbose reify failed optional dependency C:\Users\ANURAG RAJ\Desktop\NEXSTAR\node_modules\@esbuild\freebsd-x64
1377 silly reify mark deleted [
1377 silly reify   'C:\\Users\\ANURAG RAJ\\Desktop\\NEXSTAR\\node_modules\\@esbuild\\freebsd-x64'
1377 silly reify ]
1378 verbose reify failed optional dependency C:\Users\ANURAG RAJ\Desktop\NEXSTAR\node_modules\@esbuild\freebsd-arm64
1379 silly reify mark deleted [
1379 silly reify   'C:\\Users\\ANURAG RAJ\\Desktop\\NEXSTAR\\node_modules\\@esbuild\\freebsd-arm64'
1379 silly reify ]
1380 verbose reify failed optional dependency C:\Users\ANURAG RAJ\Desktop\NEXSTAR\node_modules\@esbuild\darwin-x64
1381 silly reify mark deleted [
1381 silly reify   'C:\\Users\\ANURAG RAJ\\Desktop\\NEXSTAR\\node_modules\\@esbuild\\darwin-x64'
1381 silly reify ]
1382 verbose reify failed optional dependency C:\Users\ANURAG RAJ\Desktop\NEXSTAR\node_modules\@esbuild\darwin-arm64
1383 silly reify mark deleted [
1383 silly reify   'C:\\Users\\ANURAG RAJ\\Desktop\\NEXSTAR\\node_modules\\@esbuild\\darwin-arm64'
1383 silly reify ]
1384 verbose reify failed optional dependency C:\Users\ANURAG RAJ\Desktop\NEXSTAR\node_modules\@esbuild\android-x64
1385 silly reify mark deleted [
1385 silly reify   'C:\\Users\\ANURAG RAJ\\Desktop\\NEXSTAR\\node_modules\\@esbuild\\android-x64'
1385 silly reify ]
1386 verbose reify failed optional dependency C:\Users\ANURAG RAJ\Desktop\NEXSTAR\node_modules\@esbuild\android-arm64
1387 silly reify mark deleted [
1387 silly reify   'C:\\Users\\ANURAG RAJ\\Desktop\\NEXSTAR\\node_modules\\@esbuild\\android-arm64'
1387 silly reify ]
1388 verbose reify failed optional dependency C:\Users\ANURAG RAJ\Desktop\NEXSTAR\node_modules\@esbuild\android-arm
1389 silly reify mark deleted [
1389 silly reify   'C:\\Users\\ANURAG RAJ\\Desktop\\NEXSTAR\\node_modules\\@esbuild\\android-arm'
1389 silly reify ]
1390 verbose reify failed optional dependency C:\Users\ANURAG RAJ\Desktop\NEXSTAR\node_modules\@esbuild\aix-ppc64
1391 silly reify mark deleted [
1391 silly reify   'C:\\Users\\ANURAG RAJ\\Desktop\\NEXSTAR\\node_modules\\@esbuild\\aix-ppc64'
1391 silly reify ]
1392 verbose reify failed optional dependency C:\Users\ANURAG RAJ\Desktop\NEXSTAR\node_modules\fsevents
1393 silly reify mark deleted [ 'C:\\Users\\ANURAG RAJ\\Desktop\\NEXSTAR\\node_modules\\fsevents' ]
1394 http cache @types/estree@https://registry.npmjs.org/@types/estree/-/estree-1.0.9.tgz 1ms (cache hit)
1395 http cache rollup@https://registry.npmjs.org/rollup/-/rollup-4.62.2.tgz 0ms (cache hit)
1396 http cache @esbuild/win32-x64@https://registry.npmjs.org/@esbuild/win32-x64/-/win32-x64-0.28.1.tgz 1ms (cache hit)
1397 http cache @rollup/rollup-win32-x64-msvc@https://registry.npmjs.org/@rollup/rollup-win32-x64-msvc/-/rollup-win32-x64-msvc-4.62.2.tgz 0ms (cache hit)
1398 http cache @rollup/rollup-win32-x64-gnu@https://registry.npmjs.org/@rollup/rollup-win32-x64-gnu/-/rollup-win32-x64-gnu-4.62.2.tgz 0ms (cache hit)
1399 http cache esbuild@https://registry.npmjs.org/esbuild/-/esbuild-0.28.1.tgz 0ms (cache hit)
1400 http cache d3-path@https://registry.npmjs.org/d3-path/-/d3-path-3.1.0.tgz 0ms (cache hit)
1401 http cache d3-time-format@https://registry.npmjs.org/d3-time-format/-/d3-time-format-4.1.0.tgz 0ms (cache hit)
1402 http cache d3-format@https://registry.npmjs.org/d3-format/-/d3-format-3.1.2.tgz 0ms (cache hit)
1403 http cache d3-color@https://registry.npmjs.org/d3-color/-/d3-color-3.1.0.tgz 0ms (cache hit)
1404 http cache @types/d3-path@https://registry.npmjs.org/@types/d3-path/-/d3-path-3.1.1.tgz 0ms (cache hit)
1405 http cache @types/d3-color@https://registry.npmjs.org/@types/d3-color/-/d3-color-3.1.3.tgz 0ms (cache hit)
1406 http cache internmap@https://registry.npmjs.org/internmap/-/internmap-2.0.3.tgz 0ms (cache hit)
1407 http cache d3-time@https://registry.npmjs.org/d3-time/-/d3-time-3.1.0.tgz 0ms (cache hit)
1408 http cache d3-timer@https://registry.npmjs.org/d3-timer/-/d3-timer-3.0.1.tgz 0ms (cache hit)
1409 http cache d3-shape@https://registry.npmjs.org/d3-shape/-/d3-shape-3.2.0.tgz 0ms (cache hit)
1410 http cache d3-scale@https://registry.npmjs.org/d3-scale/-/d3-scale-4.0.2.tgz 0ms (cache hit)
1411 http cache d3-interpolate@https://registry.npmjs.org/d3-interpolate/-/d3-interpolate-3.0.1.tgz 0ms (cache hit)
1412 http cache @types/d3-shape@https://registry.npmjs.org/@types/d3-shape/-/d3-shape-3.1.8.tgz 0ms (cache hit)
1413 http cache @types/d3-timer@https://registry.npmjs.org/@types/d3-timer/-/d3-timer-3.0.2.tgz 0ms (cache hit)
1414 http cache d3-array@https://registry.npmjs.org/d3-array/-/d3-array-3.2.4.tgz 0ms (cache hit)
1415 http cache d3-ease@https://registry.npmjs.org/d3-ease/-/d3-ease-3.0.1.tgz 0ms (cache hit)
1416 http cache @types/d3-time@https://registry.npmjs.org/@types/d3-time/-/d3-time-3.0.4.tgz 0ms (cache hit)
1417 http cache @types/d3-ease@https://registry.npmjs.org/@types/d3-ease/-/d3-ease-3.0.2.tgz 0ms (cache hit)
1418 http cache @types/d3-scale@https://registry.npmjs.org/@types/d3-scale/-/d3-scale-4.0.9.tgz 0ms (cache hit)
1419 http cache @types/d3-array@https://registry.npmjs.org/@types/d3-array/-/d3-array-3.2.2.tgz 0ms (cache hit)
1420 http cache @types/d3-interpolate@https://registry.npmjs.org/@types/d3-interpolate/-/d3-interpolate-3.0.4.tgz 0ms (cache hit)
1421 http cache is-number@https://registry.npmjs.org/is-number/-/is-number-7.0.0.tgz 0ms (cache hit)
1422 http cache thenify-all@https://registry.npmjs.org/thenify-all/-/thenify-all-1.6.0.tgz 0ms (cache hit)
1423 http cache escalade@https://registry.npmjs.org/escalade/-/escalade-3.2.0.tgz 0ms (cache hit)
1424 http cache any-promise@https://registry.npmjs.org/any-promise/-/any-promise-1.3.0.tgz 0ms (cache hit)
1425 http cache ts-interface-checker@https://registry.npmjs.org/ts-interface-checker/-/ts-interface-checker-0.1.13.tgz 0ms (cache hit)
1426 http cache pirates@https://registry.npmjs.org/pirates/-/pirates-4.0.7.tgz 0ms (cache hit)
1427 http cache mz@https://registry.npmjs.org/mz/-/mz-2.7.0.tgz 0ms (cache hit)
1428 http cache thenify@https://registry.npmjs.org/thenify/-/thenify-3.3.1.tgz 0ms (cache hit)
1429 http cache tinyglobby@https://registry.npmjs.org/tinyglobby/-/tinyglobby-0.2.17.tgz 0ms (cache hit)
1430 http cache commander@https://registry.npmjs.org/commander/-/commander-4.1.1.tgz 0ms (cache hit)
1431 http cache lines-and-columns@https://registry.npmjs.org/lines-and-columns/-/lines-and-columns-1.2.4.tgz 0ms (cache hit)
1432 http cache function-bind@https://registry.npmjs.org/function-bind/-/function-bind-1.1.2.tgz 0ms (cache hit)
1433 http cache queue-microtask@https://registry.npmjs.org/queue-microtask/-/queue-microtask-1.2.3.tgz 0ms (cache hit)
1434 http cache hasown@https://registry.npmjs.org/hasown/-/hasown-2.0.4.tgz 0ms (cache hit)
1435 http cache path-parse@https://registry.npmjs.org/path-parse/-/path-parse-1.0.7.tgz 0ms (cache hit)
1436 http cache supports-preserve-symlinks-flag@https://registry.npmjs.org/supports-preserve-symlinks-flag/-/supports-preserve-symlinks-flag-1.0.0.tgz 0ms (cache hit)
1437 http cache pify@https://registry.npmjs.org/pify/-/pify-2.3.0.tgz 0ms (cache hit)
1438 http cache is-core-module@https://registry.npmjs.org/is-core-module/-/is-core-module-2.16.2.tgz 0ms (cache hit)
1439 http cache es-errors@https://registry.npmjs.org/es-errors/-/es-errors-1.3.0.tgz 0ms (cache hit)
1440 http cache util-deprecate@https://registry.npmjs.org/util-deprecate/-/util-deprecate-1.0.2.tgz 0ms (cache hit)
1441 http cache cssesc@https://registry.npmjs.org/cssesc/-/cssesc-3.0.0.tgz 0ms (cache hit)
1442 http cache camelcase-css@https://registry.npmjs.org/camelcase-css/-/camelcase-css-2.0.1.tgz 0ms (cache hit)
1443 http cache read-cache@https://registry.npmjs.org/read-cache/-/read-cache-1.0.0.tgz 0ms (cache hit)
1444 http cache is-extglob@https://registry.npmjs.org/is-extglob/-/is-extglob-2.1.1.tgz 0ms (cache hit)
1445 http cache to-regex-range@https://registry.npmjs.org/to-regex-range/-/to-regex-range-5.0.1.tgz 0ms (cache hit)
1446 http cache binary-extensions@https://registry.npmjs.org/binary-extensions/-/binary-extensions-2.3.0.tgz 0ms (cache hit)
1447 http cache reusify@https://registry.npmjs.org/reusify/-/reusify-1.1.0.tgz 1ms (cache hit)
1448 http cache run-parallel@https://registry.npmjs.org/run-parallel/-/run-parallel-1.2.0.tgz 0ms (cache hit)
1449 http cache fastq@https://registry.npmjs.org/fastq/-/fastq-1.20.1.tgz 0ms (cache hit)
1450 http cache @nodelib/fs.scandir@https://registry.npmjs.org/@nodelib/fs.scandir/-/fs.scandir-2.1.5.tgz 0ms (cache hit)
1451 http cache merge2@https://registry.npmjs.org/merge2/-/merge2-1.4.1.tgz 0ms (cache hit)
1452 http cache @nodelib/fs.walk@https://registry.npmjs.org/@nodelib/fs.walk/-/fs.walk-1.2.8.tgz 0ms (cache hit)
1453 http cache fill-range@https://registry.npmjs.org/fill-range/-/fill-range-7.1.1.tgz 0ms (cache hit)
1454 http cache @nodelib/fs.stat@https://registry.npmjs.org/@nodelib/fs.stat/-/fs.stat-2.0.5.tgz 0ms (cache hit)
1455 http cache is-binary-path@https://registry.npmjs.org/is-binary-path/-/is-binary-path-2.1.0.tgz 0ms (cache hit)
1456 http cache readdirp@https://registry.npmjs.org/readdirp/-/readdirp-3.6.0.tgz 0ms (cache hit)
1457 http cache picomatch@https://registry.npmjs.org/picomatch/-/picomatch-2.3.2.tgz 0ms (cache hit)
1458 http cache braces@https://registry.npmjs.org/braces/-/braces-3.0.3.tgz 0ms (cache hit)
1459 http cache anymatch@https://registry.npmjs.org/anymatch/-/anymatch-3.1.3.tgz 0ms (cache hit)
1460 http cache sucrase@https://registry.npmjs.org/sucrase/-/sucrase-3.35.1.tgz 0ms (cache hit)
1461 http cache postcss-selector-parser@https://registry.npmjs.org/postcss-selector-parser/-/postcss-selector-parser-6.1.4.tgz 0ms (cache hit)
1462 http cache resolve@https://registry.npmjs.org/resolve/-/resolve-1.22.12.tgz 0ms (cache hit)
1463 http cache postcss-nested@https://registry.npmjs.org/postcss-nested/-/postcss-nested-6.2.0.tgz 0ms (cache hit)
1464 http cache postcss-load-config@https://registry.npmjs.org/postcss-load-config/-/postcss-load-config-6.0.1.tgz 0ms (cache hit)
1465 http cache postcss-js@https://registry.npmjs.org/postcss-js/-/postcss-js-4.1.0.tgz 0ms (cache hit)
1466 http cache postcss-import@https://registry.npmjs.org/postcss-import/-/postcss-import-15.1.0.tgz 0ms (cache hit)
1467 http cache lilconfig@https://registry.npmjs.org/lilconfig/-/lilconfig-3.1.3.tgz 0ms (cache hit)
1468 http cache normalize-path@https://registry.npmjs.org/normalize-path/-/normalize-path-3.0.0.tgz 0ms (cache hit)
1469 http cache is-glob@https://registry.npmjs.org/is-glob/-/is-glob-4.0.3.tgz 0ms (cache hit)
1470 http cache micromatch@https://registry.npmjs.org/micromatch/-/micromatch-4.0.8.tgz 0ms (cache hit)
1471 http cache fast-glob@https://registry.npmjs.org/fast-glob/-/fast-glob-3.3.3.tgz 0ms (cache hit)
1472 http cache jiti@https://registry.npmjs.org/jiti/-/jiti-1.21.7.tgz 0ms (cache hit)
1473 http cache object-hash@https://registry.npmjs.org/object-hash/-/object-hash-3.0.0.tgz 0ms (cache hit)
1474 http cache glob-parent@https://registry.npmjs.org/glob-parent/-/glob-parent-6.0.2.tgz 0ms (cache hit)
1475 http cache @alloc/quick-lru@https://registry.npmjs.org/@alloc/quick-lru/-/quick-lru-5.2.0.tgz 0ms (cache hit)
1476 http cache dlv@https://registry.npmjs.org/dlv/-/dlv-1.1.3.tgz 0ms (cache hit)
1477 http cache chokidar@https://registry.npmjs.org/chokidar/-/chokidar-3.6.0.tgz 0ms (cache hit)
1478 http cache didyoumean@https://registry.npmjs.org/didyoumean/-/didyoumean-1.2.2.tgz 0ms (cache hit)
1479 http cache @babel/runtime@https://registry.npmjs.org/@babel/runtime/-/runtime-7.29.7.tgz 0ms (cache hit)
1480 http cache arg@https://registry.npmjs.org/arg/-/arg-5.0.2.tgz 0ms (cache hit)
1481 http cache decimal.js-light@https://registry.npmjs.org/decimal.js-light/-/decimal.js-light-2.5.1.tgz 0ms (cache hit)
1482 http cache dom-helpers@https://registry.npmjs.org/dom-helpers/-/dom-helpers-5.2.1.tgz 0ms (cache hit)
1483 http cache csstype@https://registry.npmjs.org/csstype/-/csstype-3.2.3.tgz 0ms (cache hit)
1484 http cache object-assign@https://registry.npmjs.org/object-assign/-/object-assign-4.1.1.tgz 0ms (cache hit)
1485 http cache react-transition-group@https://registry.npmjs.org/react-transition-group/-/react-transition-group-4.4.5.tgz 0ms (cache hit)
1486 http cache fast-equals@https://registry.npmjs.org/fast-equals/-/fast-equals-5.4.0.tgz 0ms (cache hit)
1487 http cache prop-types@https://registry.npmjs.org/prop-types/-/prop-types-15.8.1.tgz 0ms (cache hit)
1488 http cache victory-vendor@https://registry.npmjs.org/victory-vendor/-/victory-vendor-36.9.2.tgz 0ms (cache hit)
1489 http cache loose-envify@https://registry.npmjs.org/loose-envify/-/loose-envify-1.4.0.tgz 0ms (cache hit)
1490 http cache react-is@https://registry.npmjs.org/react-is/-/react-is-18.3.1.tgz 0ms (cache hit)
1491 http cache recharts-scale@https://registry.npmjs.org/recharts-scale/-/recharts-scale-0.4.5.tgz 0ms (cache hit)
1492 http cache tiny-invariant@https://registry.npmjs.org/tiny-invariant/-/tiny-invariant-1.3.3.tgz 0ms (cache hit)
1493 http cache set-cookie-parser@https://registry.npmjs.org/set-cookie-parser/-/set-cookie-parser-2.7.2.tgz 0ms (cache hit)
1494 http cache lodash@https://registry.npmjs.org/lodash/-/lodash-4.18.1.tgz 0ms (cache hit)
1495 http cache cookie@https://registry.npmjs.org/cookie/-/cookie-1.1.1.tgz 0ms (cache hit)
1496 http cache react-smooth@https://registry.npmjs.org/react-smooth/-/react-smooth-4.0.4.tgz 0ms (cache hit)
1497 http cache clsx@https://registry.npmjs.org/clsx/-/clsx-2.1.1.tgz 0ms (cache hit)
1498 http cache react-router@https://registry.npmjs.org/react-router/-/react-router-7.18.0.tgz 0ms (cache hit)
1499 http cache scheduler@https://registry.npmjs.org/scheduler/-/scheduler-0.27.0.tgz 0ms (cache hit)
1500 http cache eventemitter3@https://registry.npmjs.org/eventemitter3/-/eventemitter3-4.0.7.tgz 0ms (cache hit)
1501 http cache source-map-js@https://registry.npmjs.org/source-map-js/-/source-map-js-1.2.1.tgz 0ms (cache hit)
1502 http cache node-releases@https://registry.npmjs.org/node-releases/-/node-releases-2.0.50.tgz 0ms (cache hit)
1503 http cache yallist@https://registry.npmjs.org/yallist/-/yallist-3.1.1.tgz 0ms (cache hit)
1504 http cache nanoid@https://registry.npmjs.org/nanoid/-/nanoid-3.3.15.tgz 0ms (cache hit)
1505 http cache ms@https://registry.npmjs.org/ms/-/ms-2.1.3.tgz 0ms (cache hit)
1506 http cache electron-to-chromium@https://registry.npmjs.org/electron-to-chromium/-/electron-to-chromium-1.5.380.tgz 0ms (cache hit)
1507 http cache update-browserslist-db@https://registry.npmjs.org/update-browserslist-db/-/update-browserslist-db-1.2.3.tgz 0ms (cache hit)
1508 http cache fraction.js@https://registry.npmjs.org/fraction.js/-/fraction.js-5.3.4.tgz 0ms (cache hit)
1509 http cache baseline-browser-mapping@https://registry.npmjs.org/baseline-browser-mapping/-/baseline-browser-mapping-2.10.40.tgz 0ms (cache hit)
1510 http cache caniuse-lite@https://registry.npmjs.org/caniuse-lite/-/caniuse-lite-1.0.30001799.tgz 0ms (cache hit)
1511 http cache postcss-value-parser@https://registry.npmjs.org/postcss-value-parser/-/postcss-value-parser-4.2.0.tgz 0ms (cache hit)
1512 http cache @jridgewell/resolve-uri@https://registry.npmjs.org/@jridgewell/resolve-uri/-/resolve-uri-3.1.2.tgz 0ms (cache hit)
1513 http cache @types/babel__traverse@https://registry.npmjs.org/@types/babel__traverse/-/babel__traverse-7.28.0.tgz 0ms (cache hit)
1514 http cache @types/babel__generator@https://registry.npmjs.org/@types/babel__generator/-/babel__generator-7.27.0.tgz 0ms (cache hit)
1515 http cache @jridgewell/sourcemap-codec@https://registry.npmjs.org/@jridgewell/sourcemap-codec/-/sourcemap-codec-1.5.5.tgz 0ms (cache hit)
1516 http cache @types/babel__template@https://registry.npmjs.org/@types/babel__template/-/babel__template-7.4.4.tgz 0ms (cache hit)
1517 http cache @babel/helper-plugin-utils@https://registry.npmjs.org/@babel/helper-plugin-utils/-/helper-plugin-utils-7.29.7.tgz 0ms (cache hit)
1518 http cache @babel/helper-string-parser@https://registry.npmjs.org/@babel/helper-string-parser/-/helper-string-parser-7.29.7.tgz 0ms (cache hit)
1519 http cache @babel/helper-globals@https://registry.npmjs.org/@babel/helper-globals/-/helper-globals-7.29.7.tgz 0ms (cache hit)
1520 http cache @babel/helper-module-imports@https://registry.npmjs.org/@babel/helper-module-imports/-/helper-module-imports-7.29.7.tgz 0ms (cache hit)
1521 http cache browserslist@https://registry.npmjs.org/browserslist/-/browserslist-4.28.4.tgz 0ms (cache hit)
1522 http cache lru-cache@https://registry.npmjs.org/lru-cache/-/lru-cache-5.1.1.tgz 0ms (cache hit)
1523 http cache @babel/helper-validator-option@https://registry.npmjs.org/@babel/helper-validator-option/-/helper-validator-option-7.29.7.tgz 0ms (cache hit)
1524 http cache @babel/compat-data@https://registry.npmjs.org/@babel/compat-data/-/compat-data-7.29.7.tgz 0ms (cache hit)
1525 http cache @jridgewell/gen-mapping@https://registry.npmjs.org/@jridgewell/gen-mapping/-/gen-mapping-0.3.13.tgz 0ms (cache hit)
1526 http cache @babel/helper-validator-identifier@https://registry.npmjs.org/@babel/helper-validator-identifier/-/helper-validator-identifier-7.29.7.tgz 0ms (cache hit)
1527 http cache @jridgewell/trace-mapping@https://registry.npmjs.org/@jridgewell/trace-mapping/-/trace-mapping-0.3.31.tgz 0ms (cache hit)
1528 http cache js-tokens@https://registry.npmjs.org/js-tokens/-/js-tokens-4.0.0.tgz 0ms (cache hit)
1529 http cache jsesc@https://registry.npmjs.org/jsesc/-/jsesc-3.1.0.tgz 0ms (cache hit)
1530 http cache picocolors@https://registry.npmjs.org/picocolors/-/picocolors-1.1.1.tgz 0ms (cache hit)
1531 http cache @jridgewell/remapping@https://registry.npmjs.org/@jridgewell/remapping/-/remapping-2.3.5.tgz 0ms (cache hit)
1532 http cache semver@https://registry.npmjs.org/semver/-/semver-6.3.1.tgz 0ms (cache hit)
1533 http cache gensync@https://registry.npmjs.org/gensync/-/gensync-1.0.0-beta.2.tgz 0ms (cache hit)
1534 http cache json5@https://registry.npmjs.org/json5/-/json5-2.2.3.tgz 0ms (cache hit)
1535 http cache convert-source-map@https://registry.npmjs.org/convert-source-map/-/convert-source-map-2.0.0.tgz 0ms (cache hit)
1536 http cache @babel/traverse@https://registry.npmjs.org/@babel/traverse/-/traverse-7.29.7.tgz 0ms (cache hit)
1537 http cache @babel/helper-module-transforms@https://registry.npmjs.org/@babel/helper-module-transforms/-/helper-module-transforms-7.29.7.tgz 0ms (cache hit)
1538 http cache @babel/template@https://registry.npmjs.org/@babel/template/-/template-7.29.7.tgz 0ms (cache hit)
1539 http cache @babel/types@https://registry.npmjs.org/@babel/types/-/types-7.29.7.tgz 0ms (cache hit)
1540 http cache @babel/helper-compilation-targets@https://registry.npmjs.org/@babel/helper-compilation-targets/-/helper-compilation-targets-7.29.7.tgz 0ms (cache hit)
1541 http cache @babel/generator@https://registry.npmjs.org/@babel/generator/-/generator-7.29.7.tgz 0ms (cache hit)
1542 http cache @babel/parser@https://registry.npmjs.org/@babel/parser/-/parser-7.29.7.tgz 0ms (cache hit)
1543 http cache @babel/helpers@https://registry.npmjs.org/@babel/helpers/-/helpers-7.29.7.tgz 0ms (cache hit)
1544 http cache @babel/code-frame@https://registry.npmjs.org/@babel/code-frame/-/code-frame-7.29.7.tgz 0ms (cache hit)
1545 http cache @rolldown/pluginutils@https://registry.npmjs.org/@rolldown/pluginutils/-/pluginutils-1.0.0-rc.3.tgz 0ms (cache hit)
1546 http cache react-refresh@https://registry.npmjs.org/react-refresh/-/react-refresh-0.18.0.tgz 0ms (cache hit)
1547 http cache debug@https://registry.npmjs.org/debug/-/debug-4.4.3.tgz 1ms (cache hit)
1548 http cache @types/babel__core@https://registry.npmjs.org/@types/babel__core/-/babel__core-7.20.5.tgz 0ms (cache hit)
1549 http cache @babel/plugin-transform-react-jsx-source@https://registry.npmjs.org/@babel/plugin-transform-react-jsx-source/-/plugin-transform-react-jsx-source-7.29.7.tgz 0ms (cache hit)
1550 http cache @babel/core@https://registry.npmjs.org/@babel/core/-/core-7.29.7.tgz 0ms (cache hit)
1551 http cache tailwindcss@https://registry.npmjs.org/tailwindcss/-/tailwindcss-3.4.19.tgz 0ms (cache hit)
1552 http cache react-router-dom@https://registry.npmjs.org/react-router-dom/-/react-router-dom-7.18.0.tgz 0ms (cache hit)
1553 http cache @babel/plugin-transform-react-jsx-self@https://registry.npmjs.org/@babel/plugin-transform-react-jsx-self/-/plugin-transform-react-jsx-self-7.29.7.tgz 0ms (cache hit)
1554 http cache react@https://registry.npmjs.org/react/-/react-19.2.7.tgz 0ms (cache hit)
1555 http cache react-dom@https://registry.npmjs.org/react-dom/-/react-dom-19.2.7.tgz 0ms (cache hit)
1556 http cache lucide-react@https://registry.npmjs.org/lucide-react/-/lucide-react-0.468.0.tgz 0ms (cache hit)
1557 http cache postcss@https://registry.npmjs.org/postcss/-/postcss-8.5.15.tgz 0ms (cache hit)
1558 http cache vite@https://registry.npmjs.org/vite/-/vite-7.3.6.tgz 0ms (cache hit)
1559 http cache autoprefixer@https://registry.npmjs.org/autoprefixer/-/autoprefixer-10.5.2.tgz 0ms (cache hit)
1560 http cache @vitejs/plugin-react@https://registry.npmjs.org/@vitejs/plugin-react/-/plugin-react-5.2.0.tgz 0ms (cache hit)
1561 http cache picomatch@https://registry.npmjs.org/picomatch/-/picomatch-4.0.4.tgz 0ms (cache hit)
1562 http cache fdir@https://registry.npmjs.org/fdir/-/fdir-6.5.0.tgz 0ms (cache hit)
1563 http cache glob-parent@https://registry.npmjs.org/glob-parent/-/glob-parent-5.1.2.tgz 0ms (cache hit)
1564 http cache recharts@https://registry.npmjs.org/recharts/-/recharts-2.15.4.tgz 0ms (cache hit)
1565 http cache react-is@https://registry.npmjs.org/react-is/-/react-is-16.13.1.tgz 0ms (cache hit)
1566 silly tarball no local data for @types/estree@https://registry.npmjs.org/@types/estree/-/estree-1.0.9.tgz. Extracting by manifest.
1567 http cache glob-parent@https://registry.npmjs.org/glob-parent/-/glob-parent-5.1.2.tgz 0ms (cache hit)
1568 silly tarball no local data for rollup@https://registry.npmjs.org/rollup/-/rollup-4.62.2.tgz. Extracting by manifest.
1569 silly tarball no local data for @esbuild/win32-x64@https://registry.npmjs.org/@esbuild/win32-x64/-/win32-x64-0.28.1.tgz. Extracting by manifest.
1570 silly tarball no local data for @rollup/rollup-win32-x64-msvc@https://registry.npmjs.org/@rollup/rollup-win32-x64-msvc/-/rollup-win32-x64-msvc-4.62.2.tgz. Extracting by manifest.
1571 silly tarball no local data for @rollup/rollup-win32-x64-gnu@https://registry.npmjs.org/@rollup/rollup-win32-x64-gnu/-/rollup-win32-x64-gnu-4.62.2.tgz. Extracting by manifest.
1572 silly tarball no local data for esbuild@https://registry.npmjs.org/esbuild/-/esbuild-0.28.1.tgz. Extracting by manifest.
1573 silly tarball no local data for d3-path@https://registry.npmjs.org/d3-path/-/d3-path-3.1.0.tgz. Extracting by manifest.
1574 silly tarball no local data for d3-time-format@https://registry.npmjs.org/d3-time-format/-/d3-time-format-4.1.0.tgz. Extracting by manifest.
1575 silly tarball no local data for d3-format@https://registry.npmjs.org/d3-format/-/d3-format-3.1.2.tgz. Extracting by manifest.
1576 silly tarball no local data for d3-color@https://registry.npmjs.org/d3-color/-/d3-color-3.1.0.tgz. Extracting by manifest.
1577 silly tarball no local data for @types/d3-path@https://registry.npmjs.org/@types/d3-path/-/d3-path-3.1.1.tgz. Extracting by manifest.
1578 silly tarball no local data for @types/d3-color@https://registry.npmjs.org/@types/d3-color/-/d3-color-3.1.3.tgz. Extracting by manifest.
1579 silly tarball no local data for internmap@https://registry.npmjs.org/internmap/-/internmap-2.0.3.tgz. Extracting by manifest.
1580 silly tarball no local data for d3-time@https://registry.npmjs.org/d3-time/-/d3-time-3.1.0.tgz. Extracting by manifest.
1581 silly tarball no local data for d3-timer@https://registry.npmjs.org/d3-timer/-/d3-timer-3.0.1.tgz. Extracting by manifest.
1582 silly tarball no local data for d3-shape@https://registry.npmjs.org/d3-shape/-/d3-shape-3.2.0.tgz. Extracting by manifest.
1583 silly tarball no local data for d3-scale@https://registry.npmjs.org/d3-scale/-/d3-scale-4.0.2.tgz. Extracting by manifest.
1584 silly tarball no local data for d3-interpolate@https://registry.npmjs.org/d3-interpolate/-/d3-interpolate-3.0.1.tgz. Extracting by manifest.
1585 silly tarball no local data for @types/d3-shape@https://registry.npmjs.org/@types/d3-shape/-/d3-shape-3.1.8.tgz. Extracting by manifest.
1586 silly tarball no local data for @types/d3-timer@https://registry.npmjs.org/@types/d3-timer/-/d3-timer-3.0.2.tgz. Extracting by manifest.
1587 silly tarball no local data for d3-array@https://registry.npmjs.org/d3-array/-/d3-array-3.2.4.tgz. Extracting by manifest.
1588 silly tarball no local data for d3-ease@https://registry.npmjs.org/d3-ease/-/d3-ease-3.0.1.tgz. Extracting by manifest.
1589 http cache fdir@https://registry.npmjs.org/fdir/-/fdir-6.5.0.tgz 0ms (cache hit)
1590 silly tarball no local data for @types/d3-time@https://registry.npmjs.org/@types/d3-time/-/d3-time-3.0.4.tgz. Extracting by manifest.
1591 http cache picomatch@https://registry.npmjs.org/picomatch/-/picomatch-4.0.4.tgz 0ms (cache hit)
1592 silly tarball no local data for @types/d3-ease@https://registry.npmjs.org/@types/d3-ease/-/d3-ease-3.0.2.tgz. Extracting by manifest.
1593 silly tarball no local data for @types/d3-scale@https://registry.npmjs.org/@types/d3-scale/-/d3-scale-4.0.9.tgz. Extracting by manifest.
1594 silly tarball no local data for @types/d3-array@https://registry.npmjs.org/@types/d3-array/-/d3-array-3.2.2.tgz. Extracting by manifest.
1595 silly tarball no local data for @types/d3-interpolate@https://registry.npmjs.org/@types/d3-interpolate/-/d3-interpolate-3.0.4.tgz. Extracting by manifest.
1596 silly tarball no local data for is-number@https://registry.npmjs.org/is-number/-/is-number-7.0.0.tgz. Extracting by manifest.
1597 silly tarball no local data for thenify-all@https://registry.npmjs.org/thenify-all/-/thenify-all-1.6.0.tgz. Extracting by manifest.
1598 silly tarball no local data for escalade@https://registry.npmjs.org/escalade/-/escalade-3.2.0.tgz. Extracting by manifest.
1599 silly tarball no local data for any-promise@https://registry.npmjs.org/any-promise/-/any-promise-1.3.0.tgz. Extracting by manifest.
1600 silly tarball no local data for ts-interface-checker@https://registry.npmjs.org/ts-interface-checker/-/ts-interface-checker-0.1.13.tgz. Extracting by manifest.
1601 silly tarball no local data for pirates@https://registry.npmjs.org/pirates/-/pirates-4.0.7.tgz. Extracting by manifest.
1602 silly tarball no local data for mz@https://registry.npmjs.org/mz/-/mz-2.7.0.tgz. Extracting by manifest.
1603 silly tarball no local data for thenify@https://registry.npmjs.org/thenify/-/thenify-3.3.1.tgz. Extracting by manifest.
1604 silly tarball no local data for commander@https://registry.npmjs.org/commander/-/commander-4.1.1.tgz. Extracting by manifest.
1605 silly tarball no local data for tinyglobby@https://registry.npmjs.org/tinyglobby/-/tinyglobby-0.2.17.tgz. Extracting by manifest.
1606 silly tarball no local data for lines-and-columns@https://registry.npmjs.org/lines-and-columns/-/lines-and-columns-1.2.4.tgz. Extracting by manifest.
1607 silly tarball no local data for function-bind@https://registry.npmjs.org/function-bind/-/function-bind-1.1.2.tgz. Extracting by manifest.
1608 silly tarball no local data for queue-microtask@https://registry.npmjs.org/queue-microtask/-/queue-microtask-1.2.3.tgz. Extracting by manifest.
1609 silly tarball no local data for hasown@https://registry.npmjs.org/hasown/-/hasown-2.0.4.tgz. Extracting by manifest.
1610 silly tarball no local data for path-parse@https://registry.npmjs.org/path-parse/-/path-parse-1.0.7.tgz. Extracting by manifest.
1611 silly tarball no local data for supports-preserve-symlinks-flag@https://registry.npmjs.org/supports-preserve-symlinks-flag/-/supports-preserve-symlinks-flag-1.0.0.tgz. Extracting by manifest.
1612 silly tarball no local data for pify@https://registry.npmjs.org/pify/-/pify-2.3.0.tgz. Extracting by manifest.
1613 silly tarball no local data for is-core-module@https://registry.npmjs.org/is-core-module/-/is-core-module-2.16.2.tgz. Extracting by manifest.
1614 silly tarball no local data for es-errors@https://registry.npmjs.org/es-errors/-/es-errors-1.3.0.tgz. Extracting by manifest.
1615 silly tarball no local data for util-deprecate@https://registry.npmjs.org/util-deprecate/-/util-deprecate-1.0.2.tgz. Extracting by manifest.
1616 silly tarball no local data for cssesc@https://registry.npmjs.org/cssesc/-/cssesc-3.0.0.tgz. Extracting by manifest.
1617 silly tarball no local data for camelcase-css@https://registry.npmjs.org/camelcase-css/-/camelcase-css-2.0.1.tgz. Extracting by manifest.
1618 silly tarball no local data for read-cache@https://registry.npmjs.org/read-cache/-/read-cache-1.0.0.tgz. Extracting by manifest.
1619 silly tarball no local data for is-extglob@https://registry.npmjs.org/is-extglob/-/is-extglob-2.1.1.tgz. Extracting by manifest.
1620 silly tarball no local data for to-regex-range@https://registry.npmjs.org/to-regex-range/-/to-regex-range-5.0.1.tgz. Extracting by manifest.
1621 silly tarball no local data for binary-extensions@https://registry.npmjs.org/binary-extensions/-/binary-extensions-2.3.0.tgz. Extracting by manifest.
1622 silly tarball no local data for reusify@https://registry.npmjs.org/reusify/-/reusify-1.1.0.tgz. Extracting by manifest.
1623 silly tarball no local data for run-parallel@https://registry.npmjs.org/run-parallel/-/run-parallel-1.2.0.tgz. Extracting by manifest.
1624 silly tarball no local data for fastq@https://registry.npmjs.org/fastq/-/fastq-1.20.1.tgz. Extracting by manifest.
1625 silly tarball no local data for @nodelib/fs.scandir@https://registry.npmjs.org/@nodelib/fs.scandir/-/fs.scandir-2.1.5.tgz. Extracting by manifest.
1626 silly tarball no local data for merge2@https://registry.npmjs.org/merge2/-/merge2-1.4.1.tgz. Extracting by manifest.
1627 silly tarball no local data for @nodelib/fs.walk@https://registry.npmjs.org/@nodelib/fs.walk/-/fs.walk-1.2.8.tgz. Extracting by manifest.
1628 silly tarball no local data for fill-range@https://registry.npmjs.org/fill-range/-/fill-range-7.1.1.tgz. Extracting by manifest.
1629 silly tarball no local data for @nodelib/fs.stat@https://registry.npmjs.org/@nodelib/fs.stat/-/fs.stat-2.0.5.tgz. Extracting by manifest.
1630 silly tarball no local data for is-binary-path@https://registry.npmjs.org/is-binary-path/-/is-binary-path-2.1.0.tgz. Extracting by manifest.
1631 silly tarball no local data for readdirp@https://registry.npmjs.org/readdirp/-/readdirp-3.6.0.tgz. Extracting by manifest.
1632 silly tarball no local data for picomatch@https://registry.npmjs.org/picomatch/-/picomatch-2.3.2.tgz. Extracting by manifest.
1633 silly tarball no local data for braces@https://registry.npmjs.org/braces/-/braces-3.0.3.tgz. Extracting by manifest.
1634 silly tarball no local data for anymatch@https://registry.npmjs.org/anymatch/-/anymatch-3.1.3.tgz. Extracting by manifest.
1635 silly tarball no local data for sucrase@https://registry.npmjs.org/sucrase/-/sucrase-3.35.1.tgz. Extracting by manifest.
1636 silly tarball no local data for postcss-selector-parser@https://registry.npmjs.org/postcss-selector-parser/-/postcss-selector-parser-6.1.4.tgz. Extracting by manifest.
1637 silly tarball no local data for resolve@https://registry.npmjs.org/resolve/-/resolve-1.22.12.tgz. Extracting by manifest.
1638 silly tarball no local data for postcss-nested@https://registry.npmjs.org/postcss-nested/-/postcss-nested-6.2.0.tgz. Extracting by manifest.
1639 silly tarball no local data for postcss-load-config@https://registry.npmjs.org/postcss-load-config/-/postcss-load-config-6.0.1.tgz. Extracting by manifest.
1640 silly tarball no local data for postcss-js@https://registry.npmjs.org/postcss-js/-/postcss-js-4.1.0.tgz. Extracting by manifest.
1641 silly tarball no local data for postcss-import@https://registry.npmjs.org/postcss-import/-/postcss-import-15.1.0.tgz. Extracting by manifest.
1642 silly tarball no local data for lilconfig@https://registry.npmjs.org/lilconfig/-/lilconfig-3.1.3.tgz. Extracting by manifest.
1643 silly tarball no local data for normalize-path@https://registry.npmjs.org/normalize-path/-/normalize-path-3.0.0.tgz. Extracting by manifest.
1644 silly tarball no local data for is-glob@https://registry.npmjs.org/is-glob/-/is-glob-4.0.3.tgz. Extracting by manifest.
1645 silly tarball no local data for micromatch@https://registry.npmjs.org/micromatch/-/micromatch-4.0.8.tgz. Extracting by manifest.
1646 silly tarball no local data for fast-glob@https://registry.npmjs.org/fast-glob/-/fast-glob-3.3.3.tgz. Extracting by manifest.
1647 silly tarball no local data for jiti@https://registry.npmjs.org/jiti/-/jiti-1.21.7.tgz. Extracting by manifest.
1648 silly tarball no local data for object-hash@https://registry.npmjs.org/object-hash/-/object-hash-3.0.0.tgz. Extracting by manifest.
1649 silly tarball no local data for glob-parent@https://registry.npmjs.org/glob-parent/-/glob-parent-6.0.2.tgz. Extracting by manifest.
1650 silly tarball no local data for @alloc/quick-lru@https://registry.npmjs.org/@alloc/quick-lru/-/quick-lru-5.2.0.tgz. Extracting by manifest.
1651 silly tarball no local data for dlv@https://registry.npmjs.org/dlv/-/dlv-1.1.3.tgz. Extracting by manifest.
1652 silly tarball no local data for chokidar@https://registry.npmjs.org/chokidar/-/chokidar-3.6.0.tgz. Extracting by manifest.
1653 silly tarball no local data for didyoumean@https://registry.npmjs.org/didyoumean/-/didyoumean-1.2.2.tgz. Extracting by manifest.
1654 silly tarball no local data for @babel/runtime@https://registry.npmjs.org/@babel/runtime/-/runtime-7.29.7.tgz. Extracting by manifest.
1655 silly tarball no local data for arg@https://registry.npmjs.org/arg/-/arg-5.0.2.tgz. Extracting by manifest.
1656 silly tarball no local data for decimal.js-light@https://registry.npmjs.org/decimal.js-light/-/decimal.js-light-2.5.1.tgz. Extracting by manifest.
1657 silly tarball no local data for dom-helpers@https://registry.npmjs.org/dom-helpers/-/dom-helpers-5.2.1.tgz. Extracting by manifest.
1658 silly tarball no local data for csstype@https://registry.npmjs.org/csstype/-/csstype-3.2.3.tgz. Extracting by manifest.
1659 silly tarball no local data for object-assign@https://registry.npmjs.org/object-assign/-/object-assign-4.1.1.tgz. Extracting by manifest.
1660 silly tarball no local data for react-transition-group@https://registry.npmjs.org/react-transition-group/-/react-transition-group-4.4.5.tgz. Extracting by manifest.
1661 silly tarball no local data for fast-equals@https://registry.npmjs.org/fast-equals/-/fast-equals-5.4.0.tgz. Extracting by manifest.
1662 silly tarball no local data for prop-types@https://registry.npmjs.org/prop-types/-/prop-types-15.8.1.tgz. Extracting by manifest.
1663 silly tarball no local data for victory-vendor@https://registry.npmjs.org/victory-vendor/-/victory-vendor-36.9.2.tgz. Extracting by manifest.
1664 silly tarball no local data for loose-envify@https://registry.npmjs.org/loose-envify/-/loose-envify-1.4.0.tgz. Extracting by manifest.
1665 silly tarball no local data for react-is@https://registry.npmjs.org/react-is/-/react-is-18.3.1.tgz. Extracting by manifest.
1666 silly tarball no local data for recharts-scale@https://registry.npmjs.org/recharts-scale/-/recharts-scale-0.4.5.tgz. Extracting by manifest.
1667 silly tarball no local data for tiny-invariant@https://registry.npmjs.org/tiny-invariant/-/tiny-invariant-1.3.3.tgz. Extracting by manifest.
1668 silly tarball no local data for set-cookie-parser@https://registry.npmjs.org/set-cookie-parser/-/set-cookie-parser-2.7.2.tgz. Extracting by manifest.
1669 silly tarball no local data for lodash@https://registry.npmjs.org/lodash/-/lodash-4.18.1.tgz. Extracting by manifest.
1670 silly tarball no local data for cookie@https://registry.npmjs.org/cookie/-/cookie-1.1.1.tgz. Extracting by manifest.
1671 silly tarball no local data for react-smooth@https://registry.npmjs.org/react-smooth/-/react-smooth-4.0.4.tgz. Extracting by manifest.
1672 silly tarball no local data for clsx@https://registry.npmjs.org/clsx/-/clsx-2.1.1.tgz. Extracting by manifest.
1673 silly tarball no local data for react-router@https://registry.npmjs.org/react-router/-/react-router-7.18.0.tgz. Extracting by manifest.
1674 silly tarball no local data for scheduler@https://registry.npmjs.org/scheduler/-/scheduler-0.27.0.tgz. Extracting by manifest.
1675 silly tarball no local data for eventemitter3@https://registry.npmjs.org/eventemitter3/-/eventemitter3-4.0.7.tgz. Extracting by manifest.
1676 silly tarball no local data for source-map-js@https://registry.npmjs.org/source-map-js/-/source-map-js-1.2.1.tgz. Extracting by manifest.
1677 silly tarball no local data for node-releases@https://registry.npmjs.org/node-releases/-/node-releases-2.0.50.tgz. Extracting by manifest.
1678 silly tarball no local data for yallist@https://registry.npmjs.org/yallist/-/yallist-3.1.1.tgz. Extracting by manifest.
1679 silly tarball no local data for nanoid@https://registry.npmjs.org/nanoid/-/nanoid-3.3.15.tgz. Extracting by manifest.
1680 silly tarball no local data for ms@https://registry.npmjs.org/ms/-/ms-2.1.3.tgz. Extracting by manifest.
1681 silly tarball no local data for electron-to-chromium@https://registry.npmjs.org/electron-to-chromium/-/electron-to-chromium-1.5.380.tgz. Extracting by manifest.
1682 silly tarball no local data for update-browserslist-db@https://registry.npmjs.org/update-browserslist-db/-/update-browserslist-db-1.2.3.tgz. Extracting by manifest.
1683 silly tarball no local data for fraction.js@https://registry.npmjs.org/fraction.js/-/fraction.js-5.3.4.tgz. Extracting by manifest.
1684 silly tarball no local data for baseline-browser-mapping@https://registry.npmjs.org/baseline-browser-mapping/-/baseline-browser-mapping-2.10.40.tgz. Extracting by manifest.
1685 silly tarball no local data for caniuse-lite@https://registry.npmjs.org/caniuse-lite/-/caniuse-lite-1.0.30001799.tgz. Extracting by manifest.
1686 silly tarball no local data for postcss-value-parser@https://registry.npmjs.org/postcss-value-parser/-/postcss-value-parser-4.2.0.tgz. Extracting by manifest.
1687 silly tarball no local data for @jridgewell/resolve-uri@https://registry.npmjs.org/@jridgewell/resolve-uri/-/resolve-uri-3.1.2.tgz. Extracting by manifest.
1688 silly tarball no local data for @types/babel__traverse@https://registry.npmjs.org/@types/babel__traverse/-/babel__traverse-7.28.0.tgz. Extracting by manifest.
1689 silly tarball no local data for @types/babel__generator@https://registry.npmjs.org/@types/babel__generator/-/babel__generator-7.27.0.tgz. Extracting by manifest.
1690 silly tarball no local data for @jridgewell/sourcemap-codec@https://registry.npmjs.org/@jridgewell/sourcemap-codec/-/sourcemap-codec-1.5.5.tgz. Extracting by manifest.
1691 silly tarball no local data for @types/babel__template@https://registry.npmjs.org/@types/babel__template/-/babel__template-7.4.4.tgz. Extracting by manifest.
1692 silly tarball no local data for @babel/helper-plugin-utils@https://registry.npmjs.org/@babel/helper-plugin-utils/-/helper-plugin-utils-7.29.7.tgz. Extracting by manifest.
1693 silly tarball no local data for @babel/helper-string-parser@https://registry.npmjs.org/@babel/helper-string-parser/-/helper-string-parser-7.29.7.tgz. Extracting by manifest.
1694 silly tarball no local data for @babel/helper-globals@https://registry.npmjs.org/@babel/helper-globals/-/helper-globals-7.29.7.tgz. Extracting by manifest.
1695 silly tarball no local data for @babel/helper-module-imports@https://registry.npmjs.org/@babel/helper-module-imports/-/helper-module-imports-7.29.7.tgz. Extracting by manifest.
1696 silly tarball no local data for browserslist@https://registry.npmjs.org/browserslist/-/browserslist-4.28.4.tgz. Extracting by manifest.
1697 silly tarball no local data for lru-cache@https://registry.npmjs.org/lru-cache/-/lru-cache-5.1.1.tgz. Extracting by manifest.
1698 silly tarball no local data for @babel/helper-validator-option@https://registry.npmjs.org/@babel/helper-validator-option/-/helper-validator-option-7.29.7.tgz. Extracting by manifest.
1699 silly tarball no local data for @babel/compat-data@https://registry.npmjs.org/@babel/compat-data/-/compat-data-7.29.7.tgz. Extracting by manifest.
1700 silly tarball no local data for @jridgewell/gen-mapping@https://registry.npmjs.org/@jridgewell/gen-mapping/-/gen-mapping-0.3.13.tgz. Extracting by manifest.
1701 silly tarball no local data for @babel/helper-validator-identifier@https://registry.npmjs.org/@babel/helper-validator-identifier/-/helper-validator-identifier-7.29.7.tgz. Extracting by manifest.
1702 silly tarball no local data for @jridgewell/trace-mapping@https://registry.npmjs.org/@jridgewell/trace-mapping/-/trace-mapping-0.3.31.tgz. Extracting by manifest.
1703 silly tarball no local data for js-tokens@https://registry.npmjs.org/js-tokens/-/js-tokens-4.0.0.tgz. Extracting by manifest.
1704 silly tarball no local data for jsesc@https://registry.npmjs.org/jsesc/-/jsesc-3.1.0.tgz. Extracting by manifest.
1705 silly tarball no local data for picocolors@https://registry.npmjs.org/picocolors/-/picocolors-1.1.1.tgz. Extracting by manifest.
1706 silly tarball no local data for @jridgewell/remapping@https://registry.npmjs.org/@jridgewell/remapping/-/remapping-2.3.5.tgz. Extracting by manifest.
1707 silly tarball no local data for semver@https://registry.npmjs.org/semver/-/semver-6.3.1.tgz. Extracting by manifest.
1708 silly tarball no local data for gensync@https://registry.npmjs.org/gensync/-/gensync-1.0.0-beta.2.tgz. Extracting by manifest.
1709 silly tarball no local data for json5@https://registry.npmjs.org/json5/-/json5-2.2.3.tgz. Extracting by manifest.
1710 silly tarball no local data for convert-source-map@https://registry.npmjs.org/convert-source-map/-/convert-source-map-2.0.0.tgz. Extracting by manifest.
1711 silly tarball no local data for @babel/traverse@https://registry.npmjs.org/@babel/traverse/-/traverse-7.29.7.tgz. Extracting by manifest.
1712 silly tarball no local data for @babel/helper-module-transforms@https://registry.npmjs.org/@babel/helper-module-transforms/-/helper-module-transforms-7.29.7.tgz. Extracting by manifest.
1713 silly tarball no local data for @babel/template@https://registry.npmjs.org/@babel/template/-/template-7.29.7.tgz. Extracting by manifest.
1714 silly tarball no local data for @babel/types@https://registry.npmjs.org/@babel/types/-/types-7.29.7.tgz. Extracting by manifest.
1715 silly tarball no local data for @babel/helper-compilation-targets@https://registry.npmjs.org/@babel/helper-compilation-targets/-/helper-compilation-targets-7.29.7.tgz. Extracting by manifest.
1716 silly tarball no local data for @babel/generator@https://registry.npmjs.org/@babel/generator/-/generator-7.29.7.tgz. Extracting by manifest.
1717 silly tarball no local data for @babel/parser@https://registry.npmjs.org/@babel/parser/-/parser-7.29.7.tgz. Extracting by manifest.
1718 silly tarball no local data for @babel/helpers@https://registry.npmjs.org/@babel/helpers/-/helpers-7.29.7.tgz. Extracting by manifest.
1719 silly tarball no local data for @babel/code-frame@https://registry.npmjs.org/@babel/code-frame/-/code-frame-7.29.7.tgz. Extracting by manifest.
1720 silly tarball no local data for @rolldown/pluginutils@https://registry.npmjs.org/@rolldown/pluginutils/-/pluginutils-1.0.0-rc.3.tgz. Extracting by manifest.
1721 silly tarball no local data for react-refresh@https://registry.npmjs.org/react-refresh/-/react-refresh-0.18.0.tgz. Extracting by manifest.
1722 silly tarball no local data for debug@https://registry.npmjs.org/debug/-/debug-4.4.3.tgz. Extracting by manifest.
1723 silly tarball no local data for @types/babel__core@https://registry.npmjs.org/@types/babel__core/-/babel__core-7.20.5.tgz. Extracting by manifest.
1724 silly tarball no local data for @babel/plugin-transform-react-jsx-source@https://registry.npmjs.org/@babel/plugin-transform-react-jsx-source/-/plugin-transform-react-jsx-source-7.29.7.tgz. Extracting by manifest.
1725 silly tarball no local data for @babel/core@https://registry.npmjs.org/@babel/core/-/core-7.29.7.tgz. Extracting by manifest.
1726 silly tarball no local data for tailwindcss@https://registry.npmjs.org/tailwindcss/-/tailwindcss-3.4.19.tgz. Extracting by manifest.
1727 silly tarball no local data for react-router-dom@https://registry.npmjs.org/react-router-dom/-/react-router-dom-7.18.0.tgz. Extracting by manifest.
1728 silly tarball no local data for @babel/plugin-transform-react-jsx-self@https://registry.npmjs.org/@babel/plugin-transform-react-jsx-self/-/plugin-transform-react-jsx-self-7.29.7.tgz. Extracting by manifest.
1729 silly tarball no local data for react@https://registry.npmjs.org/react/-/react-19.2.7.tgz. Extracting by manifest.
1730 silly tarball no local data for react-dom@https://registry.npmjs.org/react-dom/-/react-dom-19.2.7.tgz. Extracting by manifest.
1731 silly tarball no local data for lucide-react@https://registry.npmjs.org/lucide-react/-/lucide-react-0.468.0.tgz. Extracting by manifest.
1732 silly tarball no local data for postcss@https://registry.npmjs.org/postcss/-/postcss-8.5.15.tgz. Extracting by manifest.
1733 silly tarball no local data for vite@https://registry.npmjs.org/vite/-/vite-7.3.6.tgz. Extracting by manifest.
1734 silly tarball no local data for autoprefixer@https://registry.npmjs.org/autoprefixer/-/autoprefixer-10.5.2.tgz. Extracting by manifest.
1735 silly tarball no local data for @vitejs/plugin-react@https://registry.npmjs.org/@vitejs/plugin-react/-/plugin-react-5.2.0.tgz. Extracting by manifest.
1736 silly tarball no local data for picomatch@https://registry.npmjs.org/picomatch/-/picomatch-4.0.4.tgz. Extracting by manifest.
1737 silly tarball no local data for fdir@https://registry.npmjs.org/fdir/-/fdir-6.5.0.tgz. Extracting by manifest.
1738 silly tarball no local data for glob-parent@https://registry.npmjs.org/glob-parent/-/glob-parent-5.1.2.tgz. Extracting by manifest.
1739 silly tarball no local data for recharts@https://registry.npmjs.org/recharts/-/recharts-2.15.4.tgz. Extracting by manifest.
1740 silly tarball no local data for react-is@https://registry.npmjs.org/react-is/-/react-is-16.13.1.tgz. Extracting by manifest.
1741 silly tarball no local data for glob-parent@https://registry.npmjs.org/glob-parent/-/glob-parent-5.1.2.tgz. Extracting by manifest.
1742 silly tarball no local data for fdir@https://registry.npmjs.org/fdir/-/fdir-6.5.0.tgz. Extracting by manifest.
1743 silly tarball no local data for picomatch@https://registry.npmjs.org/picomatch/-/picomatch-4.0.4.tgz. Extracting by manifest.
1744 http fetch POST 200 https://registry.npmjs.org/-/npm/v1/security/advisories/bulk 376ms
1745 silly audit report {}
1746 http fetch GET 200 https://registry.npmjs.org/d3-format/-/d3-format-3.1.2.tgz 376ms (cache miss)
1747 http fetch GET 200 https://registry.npmjs.org/d3-path/-/d3-path-3.1.0.tgz 428ms (cache miss)
1748 http fetch GET 200 https://registry.npmjs.org/@types/estree/-/estree-1.0.9.tgz 438ms (cache miss)
1749 http fetch GET 200 https://registry.npmjs.org/d3-color/-/d3-color-3.1.0.tgz 445ms (cache miss)
1750 http fetch GET 200 https://registry.npmjs.org/d3-timer/-/d3-timer-3.0.1.tgz 595ms (cache miss)
1751 http fetch GET 200 https://registry.npmjs.org/@types/d3-timer/-/d3-timer-3.0.2.tgz 751ms (cache miss)
1752 http fetch GET 200 https://registry.npmjs.org/@types/d3-interpolate/-/d3-interpolate-3.0.4.tgz 746ms (cache miss)
1753 http fetch GET 200 https://registry.npmjs.org/@types/d3-time/-/d3-time-3.0.4.tgz 751ms (cache miss)
1754 http fetch GET 200 https://registry.npmjs.org/@types/d3-ease/-/d3-ease-3.0.2.tgz 806ms (cache miss)
1755 http fetch GET 200 https://registry.npmjs.org/thenify-all/-/thenify-all-1.6.0.tgz 892ms (cache miss)
1756 http fetch GET 200 https://registry.npmjs.org/@types/d3-array/-/d3-array-3.2.2.tgz 947ms (cache miss)
1757 http fetch GET 200 https://registry.npmjs.org/any-promise/-/any-promise-1.3.0.tgz 944ms (cache miss)
1758 http fetch GET 200 https://registry.npmjs.org/pirates/-/pirates-4.0.7.tgz 944ms (cache miss)
1759 http fetch GET 200 https://registry.npmjs.org/escalade/-/escalade-3.2.0.tgz 948ms (cache miss)
1760 http fetch GET 200 https://registry.npmjs.org/@types/d3-shape/-/d3-shape-3.1.8.tgz 1096ms (cache miss)
1761 http fetch GET 200 https://registry.npmjs.org/is-number/-/is-number-7.0.0.tgz 1090ms (cache miss)
1762 http fetch GET 200 https://registry.npmjs.org/tinyglobby/-/tinyglobby-0.2.17.tgz 1085ms (cache miss)
1763 http fetch GET 200 https://registry.npmjs.org/function-bind/-/function-bind-1.1.2.tgz 1088ms (cache miss)
1764 http fetch GET 200 https://registry.npmjs.org/@types/d3-scale/-/d3-scale-4.0.9.tgz 1182ms (cache miss)
1765 http fetch GET 200 https://registry.npmjs.org/@types/d3-color/-/d3-color-3.1.3.tgz 1194ms (cache miss)
1766 http fetch GET 200 https://registry.npmjs.org/thenify/-/thenify-3.3.1.tgz 1181ms (cache miss)
1767 http fetch GET 200 https://registry.npmjs.org/hasown/-/hasown-2.0.4.tgz 1180ms (cache miss)
1768 http fetch GET 200 https://registry.npmjs.org/lines-and-columns/-/lines-and-columns-1.2.4.tgz 1229ms (cache miss)
1769 http fetch GET 200 https://registry.npmjs.org/queue-microtask/-/queue-microtask-1.2.3.tgz 1319ms (cache miss)
1770 http fetch GET 200 https://registry.npmjs.org/path-parse/-/path-parse-1.0.7.tgz 1320ms (cache miss)
1771 http fetch GET 200 https://registry.npmjs.org/pify/-/pify-2.3.0.tgz 1321ms (cache miss)
1772 http fetch GET 200 https://registry.npmjs.org/is-extglob/-/is-extglob-2.1.1.tgz 1319ms (cache miss)
1773 http fetch GET 200 https://registry.npmjs.org/reusify/-/reusify-1.1.0.tgz 1327ms (cache miss)
1774 http fetch GET 200 https://registry.npmjs.org/util-deprecate/-/util-deprecate-1.0.2.tgz 1368ms (cache miss)
1775 http fetch GET 200 https://registry.npmjs.org/to-regex-range/-/to-regex-range-5.0.1.tgz 1369ms (cache miss)
1776 http fetch GET 200 https://registry.npmjs.org/run-parallel/-/run-parallel-1.2.0.tgz 1371ms (cache miss)
1777 http fetch GET 200 https://registry.npmjs.org/@nodelib/fs.scandir/-/fs.scandir-2.1.5.tgz 1371ms (cache miss)
1778 http fetch GET 200 https://registry.npmjs.org/@types/d3-path/-/d3-path-3.1.1.tgz 1504ms (cache miss)
1779 http fetch GET 200 https://registry.npmjs.org/supports-preserve-symlinks-flag/-/supports-preserve-symlinks-flag-1.0.0.tgz 1484ms (cache miss)
1780 http fetch GET 200 https://registry.npmjs.org/camelcase-css/-/camelcase-css-2.0.1.tgz 1553ms (cache miss)
1781 http fetch GET 200 https://registry.npmjs.org/merge2/-/merge2-1.4.1.tgz 1553ms (cache miss)
1782 http fetch GET 200 https://registry.npmjs.org/@nodelib/fs.stat/-/fs.stat-2.0.5.tgz 1562ms (cache miss)
1783 http fetch GET 200 https://registry.npmjs.org/read-cache/-/read-cache-1.0.0.tgz 1662ms (cache miss)
1784 http fetch GET 200 https://registry.npmjs.org/binary-extensions/-/binary-extensions-2.3.0.tgz 1662ms (cache miss)
1785 http fetch GET 200 https://registry.npmjs.org/is-binary-path/-/is-binary-path-2.1.0.tgz 1704ms (cache miss)
1786 http fetch GET 200 https://registry.npmjs.org/postcss-nested/-/postcss-nested-6.2.0.tgz 1823ms (cache miss)
1787 http fetch GET 200 https://registry.npmjs.org/postcss-load-config/-/postcss-load-config-6.0.1.tgz 1824ms (cache miss)
1788 http fetch GET 200 https://registry.npmjs.org/glob-parent/-/glob-parent-6.0.2.tgz 1826ms (cache miss)
1789 http fetch GET 200 https://registry.npmjs.org/didyoumean/-/didyoumean-1.2.2.tgz 1827ms (cache miss)
1790 http fetch GET 200 https://registry.npmjs.org/esbuild/-/esbuild-0.28.1.tgz 1903ms (cache miss)
1791 http fetch GET 200 https://registry.npmjs.org/anymatch/-/anymatch-3.1.3.tgz 1871ms (cache miss)
1792 http fetch GET 200 https://registry.npmjs.org/internmap/-/internmap-2.0.3.tgz 1933ms (cache miss)
1793 http fetch GET 200 https://registry.npmjs.org/normalize-path/-/normalize-path-3.0.0.tgz 1904ms (cache miss)
1794 http fetch GET 200 https://registry.npmjs.org/dlv/-/dlv-1.1.3.tgz 1908ms (cache miss)
1795 http fetch GET 200 https://registry.npmjs.org/lilconfig/-/lilconfig-3.1.3.tgz 1948ms (cache miss)
1796 http fetch GET 200 https://registry.npmjs.org/arg/-/arg-5.0.2.tgz 1948ms (cache miss)
1797 http fetch GET 200 https://registry.npmjs.org/node-releases/-/node-releases-2.0.50.tgz 1963ms (cache miss)
1798 http fetch GET 200 https://registry.npmjs.org/is-glob/-/is-glob-4.0.3.tgz 2023ms (cache miss)
1799 http fetch GET 200 https://registry.npmjs.org/micromatch/-/micromatch-4.0.8.tgz 2027ms (cache miss)
1800 http fetch GET 200 https://registry.npmjs.org/react-is/-/react-is-18.3.1.tgz 2031ms (cache miss)
1801 http fetch GET 200 https://registry.npmjs.org/cookie/-/cookie-1.1.1.tgz 2029ms (cache miss)
1802 http fetch GET 200 https://registry.npmjs.org/set-cookie-parser/-/set-cookie-parser-2.7.2.tgz 2030ms (cache miss)
1803 http fetch GET 200 https://registry.npmjs.org/nanoid/-/nanoid-3.3.15.tgz 2031ms (cache miss)
1804 http fetch GET 200 https://registry.npmjs.org/ms/-/ms-2.1.3.tgz 2032ms (cache miss)
1805 http fetch GET 200 https://registry.npmjs.org/commander/-/commander-4.1.1.tgz 2077ms (cache miss)
1806 http fetch GET 200 https://registry.npmjs.org/object-assign/-/object-assign-4.1.1.tgz 2066ms (cache miss)
1807 http fetch GET 200 https://registry.npmjs.org/@alloc/quick-lru/-/quick-lru-5.2.0.tgz 2068ms (cache miss)
1808 http fetch GET 200 https://registry.npmjs.org/clsx/-/clsx-2.1.1.tgz 2069ms (cache miss)
1809 http fetch GET 200 https://registry.npmjs.org/loose-envify/-/loose-envify-1.4.0.tgz 2109ms (cache miss)
1810 http fetch GET 200 https://registry.npmjs.org/yallist/-/yallist-3.1.1.tgz 2107ms (cache miss)
1811 http fetch GET 200 https://registry.npmjs.org/update-browserslist-db/-/update-browserslist-db-1.2.3.tgz 2109ms (cache miss)
1812 http fetch GET 200 https://registry.npmjs.org/@types/babel__generator/-/babel__generator-7.27.0.tgz 2109ms (cache miss)
1813 http fetch GET 200 https://registry.npmjs.org/@babel/helper-plugin-utils/-/helper-plugin-utils-7.29.7.tgz 2111ms (cache miss)
1814 http fetch GET 200 https://registry.npmjs.org/@babel/helper-string-parser/-/helper-string-parser-7.29.7.tgz 2110ms (cache miss)
1815 http fetch GET 200 https://registry.npmjs.org/lru-cache/-/lru-cache-5.1.1.tgz 2111ms (cache miss)
1816 http fetch GET 200 https://registry.npmjs.org/fill-range/-/fill-range-7.1.1.tgz 2153ms (cache miss)
1817 http fetch GET 200 https://registry.npmjs.org/object-hash/-/object-hash-3.0.0.tgz 2150ms (cache miss)
1818 http fetch GET 200 https://registry.npmjs.org/@types/babel__template/-/babel__template-7.4.4.tgz 2144ms (cache miss)
1819 http fetch GET 200 https://registry.npmjs.org/cssesc/-/cssesc-3.0.0.tgz 2190ms (cache miss)
1820 http fetch GET 200 https://registry.npmjs.org/@babel/helper-module-imports/-/helper-module-imports-7.29.7.tgz 2175ms (cache miss)
1821 http fetch GET 200 https://registry.npmjs.org/convert-source-map/-/convert-source-map-2.0.0.tgz 2176ms (cache miss)
1822 http fetch GET 200 https://registry.npmjs.org/js-tokens/-/js-tokens-4.0.0.tgz 2219ms (cache miss)
1823 http fetch GET 200 https://registry.npmjs.org/picocolors/-/picocolors-1.1.1.tgz 2219ms (cache miss)
1824 http fetch GET 200 https://registry.npmjs.org/@rolldown/pluginutils/-/pluginutils-1.0.0-rc.3.tgz 2218ms (cache miss)
1825 http fetch GET 200 https://registry.npmjs.org/@types/babel__traverse/-/babel__traverse-7.28.0.tgz 2250ms (cache miss)
1826 http fetch GET 200 https://registry.npmjs.org/@babel/plugin-transform-react-jsx-self/-/plugin-transform-react-jsx-self-7.29.7.tgz 2246ms (cache miss)
1827 http fetch GET 200 https://registry.npmjs.org/react-router-dom/-/react-router-dom-7.18.0.tgz 2246ms (cache miss)
1828 http fetch GET 200 https://registry.npmjs.org/ts-interface-checker/-/ts-interface-checker-0.1.13.tgz 2296ms (cache miss)
1829 http fetch GET 200 https://registry.npmjs.org/@babel/code-frame/-/code-frame-7.29.7.tgz 2271ms (cache miss)
1830 http fetch GET 200 https://registry.npmjs.org/@babel/plugin-transform-react-jsx-source/-/plugin-transform-react-jsx-source-7.29.7.tgz 2272ms (cache miss)
1831 http fetch GET 200 https://registry.npmjs.org/glob-parent/-/glob-parent-5.1.2.tgz 2273ms (cache miss)
1832 http fetch GET 200 https://registry.npmjs.org/readdirp/-/readdirp-3.6.0.tgz 2306ms (cache miss)
1833 http fetch GET 200 https://registry.npmjs.org/@types/babel__core/-/babel__core-7.20.5.tgz 2312ms (cache miss)
1834 http fetch GET 200 https://registry.npmjs.org/@babel/helper-globals/-/helper-globals-7.29.7.tgz 2333ms (cache miss)
1835 http fetch GET 200 https://registry.npmjs.org/mz/-/mz-2.7.0.tgz 2371ms (cache miss)
1836 http fetch GET 200 https://registry.npmjs.org/glob-parent/-/glob-parent-5.1.2.tgz 2336ms (cache miss)
1837 http fetch GET 200 https://registry.npmjs.org/jsesc/-/jsesc-3.1.0.tgz 2400ms (cache miss)
1838 http fetch GET 200 https://registry.npmjs.org/postcss-js/-/postcss-js-4.1.0.tgz 2433ms (cache miss)
1839 http fetch GET 200 https://registry.npmjs.org/gensync/-/gensync-1.0.0-beta.2.tgz 2422ms (cache miss)
1840 http fetch GET 200 https://registry.npmjs.org/semver/-/semver-6.3.1.tgz 2423ms (cache miss)
1841 http fetch GET 200 https://registry.npmjs.org/chokidar/-/chokidar-3.6.0.tgz 2452ms (cache miss)
1842 http fetch GET 200 https://registry.npmjs.org/picomatch/-/picomatch-2.3.2.tgz 2460ms (cache miss)
1843 http fetch GET 200 https://registry.npmjs.org/@jridgewell/resolve-uri/-/resolve-uri-3.1.2.tgz 2454ms (cache miss)
1844 http fetch GET 200 https://registry.npmjs.org/debug/-/debug-4.4.3.tgz 2445ms (cache miss)
1845 http fetch GET 200 https://registry.npmjs.org/braces/-/braces-3.0.3.tgz 2485ms (cache miss)
1846 http fetch GET 200 https://registry.npmjs.org/@babel/helper-validator-option/-/helper-validator-option-7.29.7.tgz 2484ms (cache miss)
1847 http fetch GET 200 https://registry.npmjs.org/fdir/-/fdir-6.5.0.tgz 2486ms (cache miss)
1848 http fetch GET 200 https://registry.npmjs.org/postcss-value-parser/-/postcss-value-parser-4.2.0.tgz 2505ms (cache miss)
1849 http fetch GET 200 https://registry.npmjs.org/eventemitter3/-/eventemitter3-4.0.7.tgz 2509ms (cache miss)
1850 http fetch GET 200 https://registry.npmjs.org/fdir/-/fdir-6.5.0.tgz 2483ms (cache miss)
1851 http fetch GET 200 https://registry.npmjs.org/is-core-module/-/is-core-module-2.16.2.tgz 2539ms (cache miss)
1852 http fetch GET 200 https://registry.npmjs.org/@vitejs/plugin-react/-/plugin-react-5.2.0.tgz 2524ms (cache miss)
1853 http fetch GET 200 https://registry.npmjs.org/@babel/helper-validator-identifier/-/helper-validator-identifier-7.29.7.tgz 2533ms (cache miss)
1854 http fetch GET 200 https://registry.npmjs.org/react-refresh/-/react-refresh-0.18.0.tgz 2568ms (cache miss)
1855 http fetch GET 200 https://registry.npmjs.org/react-is/-/react-is-16.13.1.tgz 2579ms (cache miss)
1856 http fetch GET 200 https://registry.npmjs.org/browserslist/-/browserslist-4.28.4.tgz 2617ms (cache miss)
1857 http fetch GET 200 https://registry.npmjs.org/fastq/-/fastq-1.20.1.tgz 2644ms (cache miss)
1858 http fetch GET 200 https://registry.npmjs.org/d3-ease/-/d3-ease-3.0.1.tgz 2688ms (cache miss)
1859 http fetch GET 200 https://registry.npmjs.org/prop-types/-/prop-types-15.8.1.tgz 2668ms (cache miss)
1860 http fetch GET 200 https://registry.npmjs.org/picomatch/-/picomatch-4.0.4.tgz 2663ms (cache miss)
1861 http fetch GET 200 https://registry.npmjs.org/picomatch/-/picomatch-4.0.4.tgz 2644ms (cache miss)
1862 http fetch GET 200 https://registry.npmjs.org/tiny-invariant/-/tiny-invariant-1.3.3.tgz 2685ms (cache miss)
1863 http fetch GET 200 https://registry.npmjs.org/postcss-import/-/postcss-import-15.1.0.tgz 2723ms (cache miss)
1864 http fetch GET 200 https://registry.npmjs.org/electron-to-chromium/-/electron-to-chromium-1.5.380.tgz 2719ms (cache miss)
1865 http fetch GET 200 https://registry.npmjs.org/baseline-browser-mapping/-/baseline-browser-mapping-2.10.40.tgz 2730ms (cache miss)
1866 http fetch GET 200 https://registry.npmjs.org/scheduler/-/scheduler-0.27.0.tgz 2757ms (cache miss)
1867 http fetch GET 200 https://registry.npmjs.org/decimal.js-light/-/decimal.js-light-2.5.1.tgz 2771ms (cache miss)
1868 http fetch GET 200 https://registry.npmjs.org/@babel/compat-data/-/compat-data-7.29.7.tgz 2762ms (cache miss)
1869 http fetch GET 200 https://registry.npmjs.org/d3-time/-/d3-time-3.1.0.tgz 2863ms (cache miss)
1870 http fetch GET 200 https://registry.npmjs.org/@babel/helper-compilation-targets/-/helper-compilation-targets-7.29.7.tgz 2848ms (cache miss)
1871 http fetch GET 200 https://registry.npmjs.org/es-errors/-/es-errors-1.3.0.tgz 2896ms (cache miss)
1872 http fetch GET 200 https://registry.npmjs.org/source-map-js/-/source-map-js-1.2.1.tgz 2885ms (cache miss)
1873 http fetch GET 200 https://registry.npmjs.org/@babel/template/-/template-7.29.7.tgz 2940ms (cache miss)
1874 http fetch GET 200 https://registry.npmjs.org/@babel/helper-module-transforms/-/helper-module-transforms-7.29.7.tgz 2966ms (cache miss)
1875 http fetch GET 200 https://registry.npmjs.org/recharts-scale/-/recharts-scale-0.4.5.tgz 3009ms (cache miss)
1876 http fetch GET 200 https://registry.npmjs.org/fraction.js/-/fraction.js-5.3.4.tgz 3023ms (cache miss)
1877 http fetch GET 200 https://registry.npmjs.org/json5/-/json5-2.2.3.tgz 3060ms (cache miss)
1878 http fetch GET 200 https://registry.npmjs.org/@nodelib/fs.walk/-/fs.walk-1.2.8.tgz 3084ms (cache miss)
1879 http fetch GET 200 https://registry.npmjs.org/d3-scale/-/d3-scale-4.0.2.tgz 3150ms (cache miss)
1880 http fetch GET 200 https://registry.npmjs.org/d3-interpolate/-/d3-interpolate-3.0.1.tgz 3151ms (cache miss)
1881 http fetch GET 200 https://registry.npmjs.org/@jridgewell/sourcemap-codec/-/sourcemap-codec-1.5.5.tgz 3223ms (cache miss)
1882 http fetch GET 200 https://registry.npmjs.org/fast-equals/-/fast-equals-5.4.0.tgz 3238ms (cache miss)
1883 http fetch GET 200 https://registry.npmjs.org/csstype/-/csstype-3.2.3.tgz 3246ms (cache miss)
1884 http fetch GET 200 https://registry.npmjs.org/react/-/react-19.2.7.tgz 3288ms (cache miss)
1885 http fetch GET 200 https://registry.npmjs.org/@rollup/rollup-win32-x64-gnu/-/rollup-win32-x64-gnu-4.62.2.tgz 3409ms (cache miss)
1886 http fetch GET 200 https://registry.npmjs.org/@jridgewell/gen-mapping/-/gen-mapping-0.3.13.tgz 3361ms (cache miss)
1887 http fetch GET 200 https://registry.npmjs.org/@jridgewell/remapping/-/remapping-2.3.5.tgz 3370ms (cache miss)
1888 http fetch GET 200 https://registry.npmjs.org/d3-time-format/-/d3-time-format-4.1.0.tgz 3581ms (cache miss)
1889 http fetch GET 200 https://registry.npmjs.org/postcss-selector-parser/-/postcss-selector-parser-6.1.4.tgz 3583ms (cache miss)
1890 http fetch GET 200 https://registry.npmjs.org/react-smooth/-/react-smooth-4.0.4.tgz 3579ms (cache miss)
1891 http fetch GET 200 https://registry.npmjs.org/@babel/parser/-/parser-7.29.7.tgz 3652ms (cache miss)
1892 http fetch GET 200 https://registry.npmjs.org/react-transition-group/-/react-transition-group-4.4.5.tgz 3668ms (cache miss)
1893 http fetch GET 200 https://registry.npmjs.org/@rollup/rollup-win32-x64-msvc/-/rollup-win32-x64-msvc-4.62.2.tgz 3712ms (cache miss)
1894 http fetch GET 200 https://registry.npmjs.org/jiti/-/jiti-1.21.7.tgz 3729ms (cache miss)
1895 http fetch GET 200 https://registry.npmjs.org/@jridgewell/trace-mapping/-/trace-mapping-0.3.31.tgz 3905ms (cache miss)
1896 http fetch GET 200 https://registry.npmjs.org/@babel/generator/-/generator-7.29.7.tgz 3992ms (cache miss)
1897 http fetch GET 200 https://registry.npmjs.org/fast-glob/-/fast-glob-3.3.3.tgz 4019ms (cache miss)
1898 http fetch GET 200 https://registry.npmjs.org/postcss/-/postcss-8.5.15.tgz 4015ms (cache miss)
1899 http fetch GET 200 https://registry.npmjs.org/d3-array/-/d3-array-3.2.4.tgz 4122ms (cache miss)
1900 http fetch GET 200 https://registry.npmjs.org/d3-shape/-/d3-shape-3.2.0.tgz 4146ms (cache miss)
1901 http fetch GET 200 https://registry.npmjs.org/rollup/-/rollup-4.62.2.tgz 4236ms (cache miss)
1902 http fetch GET 200 https://registry.npmjs.org/@babel/traverse/-/traverse-7.29.7.tgz 4313ms (cache miss)
1903 http fetch GET 200 https://registry.npmjs.org/vite/-/vite-7.3.6.tgz 4320ms (cache miss)
1904 http fetch GET 200 https://registry.npmjs.org/autoprefixer/-/autoprefixer-10.5.2.tgz 4390ms (cache miss)
1905 http fetch GET 200 https://registry.npmjs.org/resolve/-/resolve-1.22.12.tgz 4727ms (cache miss)
1906 http fetch GET 200 https://registry.npmjs.org/@babel/core/-/core-7.29.7.tgz 4880ms (cache miss)
1907 http fetch GET 200 https://registry.npmjs.org/react-dom/-/react-dom-19.2.7.tgz 5071ms (cache miss)
1908 http fetch GET 200 https://registry.npmjs.org/@esbuild/win32-x64/-/win32-x64-0.28.1.tgz 5211ms (cache miss)
1909 http fetch GET 200 https://registry.npmjs.org/sucrase/-/sucrase-3.35.1.tgz 5487ms (cache miss)
1910 http fetch GET 200 https://registry.npmjs.org/@babel/types/-/types-7.29.7.tgz 5688ms (cache miss)
1911 http fetch GET 200 https://registry.npmjs.org/@babel/runtime/-/runtime-7.29.7.tgz 5742ms (cache miss)
1912 http fetch GET 200 https://registry.npmjs.org/@babel/helpers/-/helpers-7.29.7.tgz 5812ms (cache miss)
1913 http fetch GET 200 https://registry.npmjs.org/react-router/-/react-router-7.18.0.tgz 5837ms (cache miss)
1914 http fetch GET 200 https://registry.npmjs.org/dom-helpers/-/dom-helpers-5.2.1.tgz 5966ms (cache miss)
1915 http fetch GET 200 https://registry.npmjs.org/victory-vendor/-/victory-vendor-36.9.2.tgz 6105ms (cache miss)
1916 http fetch GET 200 https://registry.npmjs.org/tailwindcss/-/tailwindcss-3.4.19.tgz 6160ms (cache miss)
1917 http fetch GET 200 https://registry.npmjs.org/recharts/-/recharts-2.15.4.tgz 6274ms (cache miss)
1918 warn deprecated recharts@2.15.4: 1.x and 2.x branches are no longer active. Bump to Recharts v3 to receive latest features and bugfixes. See https://github.com/recharts/recharts/wiki/3.0-migration-guide
1919 http fetch GET 200 https://registry.npmjs.org/caniuse-lite/-/caniuse-lite-1.0.30001799.tgz 7334ms (cache miss)
1920 http fetch GET 200 https://registry.npmjs.org/lodash/-/lodash-4.18.1.tgz 7367ms (cache miss)
1921 http fetch GET 200 https://registry.npmjs.org/lucide-react/-/lucide-react-0.468.0.tgz 12334ms (cache miss)
1922 info run esbuild@0.28.1 postinstall node_modules/esbuild node install.js
1923 info run esbuild@0.28.1 postinstall { code: 0, signal: null }
1924 silly ADD node_modules/@types/estree
1925 silly ADD node_modules/@rollup/rollup-win32-x64-msvc
1926 silly ADD node_modules/@rollup/rollup-win32-x64-gnu
1927 silly ADD
1928 silly ADD
1929 silly ADD
1930 silly ADD
1931 silly ADD
1932 silly ADD
1933 silly ADD
1934 silly ADD
1935 silly ADD
1936 silly ADD
1937 silly ADD
1938 silly ADD
1939 silly ADD
1940 silly ADD
1941 silly ADD
1942 silly ADD
1943 silly ADD
1944 silly ADD
1945 silly ADD
1946 silly ADD
1947 silly ADD
1948 silly ADD
1949 silly ADD
1950 silly ADD node_modules/@esbuild/win32-x64
1951 silly ADD
1952 silly ADD
1953 silly ADD
1954 silly ADD
1955 silly ADD
1956 silly ADD
1957 silly ADD
1958 silly ADD
1959 silly ADD
1960 silly ADD
1961 silly ADD
1962 silly ADD
1963 silly ADD
1964 silly ADD
1965 silly ADD
1966 silly ADD
1967 silly ADD
1968 silly ADD
1969 silly ADD
1970 silly ADD
1971 silly ADD
1972 silly ADD
1973 silly ADD
1974 silly ADD
1975 silly ADD
1976 silly ADD node_modules/rollup
1977 silly ADD node_modules/esbuild
1978 silly ADD node_modules/d3-path
1979 silly ADD node_modules/d3-time-format
1980 silly ADD node_modules/d3-format
1981 silly ADD node_modules/d3-color
1982 silly ADD node_modules/internmap
1983 silly ADD node_modules/@types/d3-path
1984 silly ADD node_modules/@types/d3-color
1985 silly ADD node_modules/d3-timer
1986 silly ADD node_modules/d3-time
1987 silly ADD node_modules/d3-shape
1988 silly ADD node_modules/d3-scale
1989 silly ADD node_modules/d3-interpolate
1990 silly ADD node_modules/d3-ease
1991 silly ADD node_modules/d3-array
1992 silly ADD node_modules/@types/d3-timer
1993 silly ADD node_modules/@types/d3-time
1994 silly ADD node_modules/@types/d3-shape
1995 silly ADD node_modules/@types/d3-scale
1996 silly ADD node_modules/@types/d3-interpolate
1997 silly ADD node_modules/@types/d3-ease
1998 silly ADD node_modules/@types/d3-array
1999 silly ADD node_modules/escalade
2000 silly ADD node_modules/is-number
2001 silly ADD node_modules/thenify
2002 silly ADD node_modules/thenify-all
2003 silly ADD node_modules/any-promise
2004 silly ADD node_modules/ts-interface-checker
2005 silly ADD node_modules/tinyglobby
2006 silly ADD node_modules/tinyglobby/node_modules/picomatch
2007 silly ADD node_modules/tinyglobby/node_modules/fdir
2008 silly ADD node_modules/pirates
2009 silly ADD node_modules/mz
2010 silly ADD node_modules/lines-and-columns
2011 silly ADD node_modules/commander
2012 silly ADD node_modules/queue-microtask
2013 silly ADD node_modules/function-bind
2014 silly ADD node_modules/hasown
2015 silly ADD node_modules/supports-preserve-symlinks-flag
2016 silly ADD node_modules/path-parse
2017 silly ADD node_modules/is-core-module
2018 silly ADD node_modules/es-errors
2019 silly ADD node_modules/pify
2020 silly ADD node_modules/util-deprecate
2021 silly ADD node_modules/cssesc
2022 silly ADD node_modules/camelcase-css
2023 silly ADD node_modules/read-cache
2024 silly ADD node_modules/is-extglob
2025 silly ADD node_modules/binary-extensions
2026 silly ADD node_modules/to-regex-range
2027 silly ADD node_modules/reusify
2028 silly ADD node_modules/run-parallel
2029 silly ADD node_modules/fastq
2030 silly ADD node_modules/@nodelib/fs.scandir
2031 silly ADD node_modules/merge2
2032 silly ADD node_modules/@nodelib/fs.walk
2033 silly ADD node_modules/@nodelib/fs.stat
2034 silly ADD node_modules/fill-range
2035 silly ADD node_modules/picomatch
2036 silly ADD node_modules/readdirp
2037 silly ADD node_modules/is-binary-path
2038 silly ADD
2039 silly ADD node_modules/braces
2040 silly ADD node_modules/anymatch
2041 silly ADD node_modules/sucrase
2042 silly ADD node_modules/resolve
2043 silly ADD node_modules/postcss-selector-parser
2044 silly ADD node_modules/postcss-nested
2045 silly ADD node_modules/postcss-load-config
2046 silly ADD node_modules/postcss-js
2047 silly ADD node_modules/postcss-import
2048 silly ADD node_modules/object-hash
2049 silly ADD node_modules/normalize-path
2050 silly ADD node_modules/micromatch
2051 silly ADD node_modules/lilconfig
2052 silly ADD node_modules/jiti
2053 silly ADD node_modules/is-glob
2054 silly ADD node_modules/glob-parent
2055 silly ADD node_modules/fast-glob
2056 silly ADD node_modules/fast-glob/node_modules/glob-parent
2057 silly ADD node_modules/dlv
2058 silly ADD node_modules/didyoumean
2059 silly ADD node_modules/chokidar
2060 silly ADD node_modules/chokidar/node_modules/glob-parent
2061 silly ADD node_modules/arg
2062 silly ADD node_modules/@alloc/quick-lru
2063 silly ADD node_modules/decimal.js-light
2064 silly ADD node_modules/csstype
2065 silly ADD node_modules/dom-helpers
2066 silly ADD node_modules/@babel/runtime
2067 silly ADD node_modules/object-assign
2068 silly ADD node_modules/loose-envify
2069 silly ADD node_modules/react-transition-group
2070 silly ADD node_modules/prop-types
2071 silly ADD node_modules/prop-types/node_modules/react-is
2072 silly ADD node_modules/fast-equals
2073 silly ADD node_modules/victory-vendor
2074 silly ADD node_modules/tiny-invariant
2075 silly ADD node_modules/recharts-scale
2076 silly ADD node_modules/react-smooth
2077 silly ADD node_modules/react-is
2078 silly ADD node_modules/lodash
2079 silly ADD node_modules/eventemitter3
2080 silly ADD node_modules/clsx
2081 silly ADD node_modules/set-cookie-parser
2082 silly ADD node_modules/cookie
2083 silly ADD node_modules/react-router
2084 silly ADD node_modules/scheduler
2085 silly ADD node_modules/source-map-js
2086 silly ADD node_modules/nanoid
2087 silly ADD node_modules/yallist
2088 silly ADD node_modules/ms
2089 silly ADD node_modules/update-browserslist-db
2090 silly ADD node_modules/node-releases
2091 silly ADD node_modules/electron-to-chromium
2092 silly ADD node_modules/baseline-browser-mapping
2093 silly ADD node_modules/postcss-value-parser
2094 silly ADD node_modules/fraction.js
2095 silly ADD node_modules/caniuse-lite
2096 silly ADD node_modules/@types/babel__traverse
2097 silly ADD node_modules/@types/babel__template
2098 silly ADD node_modules/@types/babel__generator
2099 silly ADD node_modules/@jridgewell/resolve-uri
2100 silly ADD node_modules/@jridgewell/sourcemap-codec
2101 silly ADD node_modules/@babel/helper-string-parser
2102 silly ADD node_modules/@babel/helper-globals
2103 silly ADD node_modules/@babel/helper-plugin-utils
2104 silly ADD node_modules/@babel/helper-module-imports
2105 silly ADD node_modules/lru-cache
2106 silly ADD node_modules/browserslist
2107 silly ADD node_modules/@babel/helper-validator-option
2108 silly ADD node_modules/@babel/compat-data
2109 silly ADD node_modules/jsesc
2110 silly ADD node_modules/@jridgewell/trace-mapping
2111 silly ADD node_modules/@jridgewell/gen-mapping
2112 silly ADD node_modules/picocolors
2113 silly ADD node_modules/js-tokens
2114 silly ADD node_modules/@babel/helper-validator-identifier
2115 silly ADD node_modules/semver
2116 silly ADD node_modules/json5
2117 silly ADD node_modules/gensync
2118 silly ADD node_modules/debug
2119 silly ADD node_modules/convert-source-map
2120 silly ADD node_modules/@jridgewell/remapping
2121 silly ADD node_modules/@babel/types
2122 silly ADD node_modules/@babel/traverse
2123 silly ADD node_modules/@babel/template
2124 silly ADD node_modules/@babel/parser
2125 silly ADD node_modules/@babel/helpers
2126 silly ADD node_modules/@babel/helper-module-transforms
2127 silly ADD node_modules/@babel/helper-compilation-targets
2128 silly ADD node_modules/@babel/generator
2129 silly ADD node_modules/@babel/code-frame
2130 silly ADD node_modules/react-refresh
2131 silly ADD node_modules/@types/babel__core
2132 silly ADD node_modules/@rolldown/pluginutils
2133 silly ADD node_modules/@babel/plugin-transform-react-jsx-source
2134 silly ADD node_modules/@babel/plugin-transform-react-jsx-self
2135 silly ADD node_modules/@babel/core
2136 silly ADD node_modules/tailwindcss
2137 silly ADD node_modules/recharts
2138 silly ADD node_modules/react-router-dom
2139 silly ADD node_modules/react-dom
2140 silly ADD node_modules/react
2141 silly ADD node_modules/lucide-react
2142 silly ADD node_modules/postcss
2143 silly ADD node_modules/autoprefixer
2144 silly ADD node_modules/vite
2145 silly ADD node_modules/vite/node_modules/picomatch
2146 silly ADD node_modules/vite/node_modules/fdir
2147 silly ADD node_modules/@vitejs/plugin-react
2148 verbose cwd C:\Users\ANURAG RAJ\Desktop\NEXSTAR
2149 verbose os Windows_NT 10.0.26200
2150 verbose node v22.18.0
2151 verbose npm  v10.9.3
2152 notice
2152 notice New major version of npm available! 10.9.3 -> 11.17.0
2152 notice Changelog: https://github.com/npm/cli/releases/tag/v11.17.0
2152 notice To update run: npm install -g npm@11.17.0
2152 notice  { force: true, [Symbol(proc-log.meta)]: true }
2153 verbose exit 0
2154 info ok
